workshop_id,bucket,asset_type,title,source_path,status,notes
00,,docx,MB FTS  0,main/rebuild/content/legacy/whole/Module 0/MB_FTS_ 0.docx,review,
01,Additional_Resources,pdf,1. Tips for Managing Money When You Live With Mental Health Challenges,main/rebuild/content/legacy/parts/Teaching Materials/Workshop 1/Resources/1. Tips for Managing Money When You Live With Mental Health Challenges.pdf,ok,
01,Additional_Resources,pdf,"10. Brief History of Race, Racism & Colonialism","main/rebuild/content/legacy/parts/Teaching Materials/Workshop 1/Resources/10. Brief History of Race, Racism & Colonialism.pdf",ok,
01,Additional_Resources,pdf,"11. Unaffordable America. Poverty, Housing and Eviction","main/rebuild/content/legacy/parts/Teaching Materials/Workshop 1/Resources/11. Unaffordable America. Poverty, Housing and Eviction.pdf",ok,
01,Additional_Resources,pdf,12. FAQs on Problem Gambling,main/rebuild/content/legacy/parts/Teaching Materials/Workshop 1/Resources/12. FAQs on Problem Gambling.pdf,ok,
01,Additional_Resources,pdf,13. Financial Toolkit for Problem Gamblers,main/rebuild/content/legacy/parts/Teaching Materials/Workshop 1/Resources/13. Financial Toolkit for Problem Gamblers.pdf,ok,
01,Additional_Resources,pdf,14. Financial Strategies for Loved Ones of Gamblers,main/rebuild/content/legacy/parts/Teaching Materials/Workshop 1/Resources/14. Financial Strategies for Loved Ones of Gamblers.pdf,ok,
01,Additional_Resources,pdf,15. Dismantling the Poverty Trap Article,main/rebuild/content/legacy/parts/Teaching Materials/Workshop 1/Resources/15. Dismantling the Poverty Trap Article.pdf,ok,
01,Additional_Resources,pdf,16. Supplemental Poverty Measure,main/rebuild/content/legacy/parts/Teaching Materials/Workshop 1/Resources/16. Supplemental Poverty Measure.pdf,ok,
01,Additional_Resources,pdf,2. How to Practice Mindfulness on a Budget,main/rebuild/content/legacy/parts/Teaching Materials/Workshop 1/Resources/2. How to Practice Mindfulness on a Budget.pdf,ok,
01,Additional_Resources,pdf,3. How to Reduce Financial Stress,main/rebuild/content/legacy/parts/Teaching Materials/Workshop 1/Resources/3. How to Reduce Financial Stress.pdf,ok,
01,Additional_Resources,pdf,4. Income Inequality in America,main/rebuild/content/legacy/parts/Teaching Materials/Workshop 1/Resources/4. Income Inequality in America.pdf,ok,
01,Additional_Resources,pdf,5. Poverty in America Statistics,main/rebuild/content/legacy/parts/Teaching Materials/Workshop 1/Resources/5. Poverty in America Statistics.pdf,ok,
01,Additional_Resources,pdf,6. Data Illustrating the Intersectional Nature of Poverty,main/rebuild/content/legacy/parts/Teaching Materials/Workshop 1/Resources/6. Data Illustrating the Intersectional Nature of Poverty.pdf,ok,
01,Additional_Resources,pdf,7. Bruce’s Beach Systemic Racism and Reparations,main/rebuild/content/legacy/parts/Teaching Materials/Workshop 1/Resources/7. Bruce’s Beach Systemic Racism and Reparations.pdf,ok,
01,Additional_Resources,pdf,8. Race and the lack of intergenerational economic mobility in the US,main/rebuild/content/legacy/parts/Teaching Materials/Workshop 1/Resources/8. Race and the lack of intergenerational economic mobility in the US.pdf,ok,
01,Additional_Resources,pdf,9. Displacement in Portland,main/rebuild/content/legacy/parts/Teaching Materials/Workshop 1/Resources/9. Displacement in Portland.pdf,ok,
01,Additional_Resources,pdf,Workshop 1 Additional Resources,main/rebuild/content/legacy/parts/Teaching Materials/Workshop 1/Resources/Workshop 1 Additional Resources.pdf,ok,
01,Core_Resources,pptx,Money Basics PPT Workshop 1,main/rebuild/content/legacy/parts/Teaching Materials/Workshop 1/Money Basics PPT Workshop 1.pptx,ok,
01,Core_Resources,pptx,Money Basics PPT Workshop 1,main/rebuild/content/legacy/whole/Module 1/Money Basics PPT Workshop 1.pptx,ok,
01,Core_Resources,pdf,Workshop 01   Introduction,main/rebuild/content/legacy/parts/FG:SG_Splits/Wksp/Facilitator Guide/Wksp PDFs/Workshop 01 - Introduction.pdf,ok,
01,Core_Resources,pdf,Workshop 01   Introduction & Course Overview,main/rebuild/content/legacy/parts/FG:SG_Splits/Wksp/Student Guide/Wksps/Workshop 01 - Introduction & Course Overview.pdf,ok,
01,Handouts,pdf,1. Poverty and Hunger in America,main/rebuild/content/legacy/parts/Teaching Materials/Workshop 1/Handouts/1. Poverty and Hunger in America.pdf,ok,
01,Handouts,pdf,2. Steps Toward Financial Resilience,main/rebuild/content/legacy/parts/Teaching Materials/Workshop 1/Handouts/2. Steps Toward Financial Resilience.pdf,ok,
01,Handouts,pdf,3. Poverty and Intersectionality in Oregon,main/rebuild/content/legacy/parts/Teaching Materials/Workshop 1/Handouts/3. Poverty and Intersectionality in Oregon.pdf,ok,
01,Handouts,pdf,4. Hidden Rules Among Classes,main/rebuild/content/legacy/parts/Teaching Materials/Workshop 1/Handouts/4. Hidden Rules Among Classes.pdf,ok,
01,Handouts,pdf,5. How Poverty is Measured in the US,main/rebuild/content/legacy/parts/Teaching Materials/Workshop 1/Handouts/5. How Poverty is Measured in the US.pdf,ok,
01,Handouts,pdf,6. The  American Dream  of upward mobility is broken,main/rebuild/content/legacy/parts/Teaching Materials/Workshop 1/Handouts/6. The _American Dream_ of upward mobility is broken.pdf,ok,
01,Handouts,pdf,7. White Privilege Invisible Knapsack,main/rebuild/content/legacy/parts/Teaching Materials/Workshop 1/Handouts/7. White Privilege Invisible Knapsack.pdf,ok,
01,Handouts,pdf,Financial Literacy & African Americans  Bridging the Gap,main/rebuild/content/legacy/parts/Teaching Materials/Workshop 1/Handouts/Financial Literacy & African Americans_ Bridging the Gap.pdf,ok,
01,Handouts,pdf,Workshop 1 Worksheets,main/rebuild/content/legacy/parts/Teaching Materials/Workshop 1/Handouts/Workshop 1 Worksheets.pdf,ok,
01,Handouts,pdf,Workshop 1 Worksheets (extra),main/rebuild/content/legacy/parts/Teaching Materials/Workshop 1/Handouts/Workshop 1 Worksheets (extra).pdf,ok,
01,Worksheets,pdf,Individual Course Goals,main/rebuild/content/legacy/whole/Module 1/Worksheets/Individual Course Goals.pdf,ok,
01,Worksheets,pdf,Money Savings Ideas and Trackers,main/rebuild/content/legacy/whole/Module 1/Worksheets/Money Savings Ideas and Trackers.pdf,ok,
01,,pdf,1. Poverty and Hunger in America,main/rebuild/content/legacy/whole/Module 1/WS1 Handouts/1. Poverty and Hunger in America.pdf,review,
01,,pdf,1. Tips for Managing Money When You Live With Mental Health Challenges,main/rebuild/content/legacy/whole/Module 1/WS1 Resources/Behavioral Health and Mindfulness/1. Tips for Managing Money When You Live With Mental Health Challenges.pdf,review,
01,,pdf,"10. Brief History of Race, Racism & Colonialism","main/rebuild/content/legacy/whole/Module 1/WS1 Resources/Poverty, Intersectionality, Social Justice/10. Brief History of Race, Racism & Colonialism.pdf",review,
01,,pdf,"11. Unaffordable America. Poverty, Housing and Eviction","main/rebuild/content/legacy/whole/Module 1/WS1 Resources/Poverty, Intersectionality, Social Justice/11. Unaffordable America. Poverty, Housing and Eviction.pdf",review,
01,,pdf,12. FAQs on Problem Gambling,main/rebuild/content/legacy/whole/Module 1/WS1 Resources/12. FAQs on Problem Gambling.pdf,review,
01,,pdf,13. Financial Toolkit for Problem Gamblers,main/rebuild/content/legacy/whole/Module 1/WS1 Resources/13. Financial Toolkit for Problem Gamblers.pdf,review,
01,,pdf,14. Financial Strategies for Loved Ones of Gamblers,main/rebuild/content/legacy/whole/Module 1/WS1 Resources/14. Financial Strategies for Loved Ones of Gamblers.pdf,review,
01,,pdf,15. Dismantling the Poverty Trap Article,"main/rebuild/content/legacy/whole/Module 1/WS1 Resources/Poverty, Intersectionality, Social Justice/15. Dismantling the Poverty Trap Article.pdf",review,
01,,pdf,16. Supplemental Poverty Measure,main/rebuild/content/legacy/whole/Module 1/WS1 Resources/16. Supplemental Poverty Measure.pdf,review,
01,,jpg,2 768x512,main/rebuild/content/legacy/whole/Module 1/Visuals/2-768x512.jpg,review,
01,,pdf,2. How to Practice Mindfulness on a Budget,main/rebuild/content/legacy/whole/Module 1/WS1 Resources/Behavioral Health and Mindfulness/2. How to Practice Mindfulness on a Budget.pdf,review,
01,,pdf,2. Steps Toward Financial Resilience,main/rebuild/content/legacy/whole/Module 1/WS1 Handouts/2. Steps Toward Financial Resilience.pdf,review,
01,,pdf,3. How to Reduce Financial Stress,main/rebuild/content/legacy/whole/Module 1/WS1 Resources/Behavioral Health and Mindfulness/3. How to Reduce Financial Stress.pdf,review,
01,,pdf,3. Poverty and Intersectionality in Oregon,main/rebuild/content/legacy/whole/Module 1/WS1 Handouts/3. Poverty and Intersectionality in Oregon.pdf,review,
01,,pdf,4. Hidden Rules Among Classes,main/rebuild/content/legacy/whole/Module 1/WS1 Handouts/4. Hidden Rules Among Classes.pdf,review,
01,,pdf,4. Income Inequality in America,"main/rebuild/content/legacy/whole/Module 1/WS1 Resources/Poverty, Intersectionality, Social Justice/4. Income Inequality in America.pdf",review,
01,,pdf,5. How Poverty is Measured in the US,main/rebuild/content/legacy/whole/Module 1/WS1 Handouts/5. How Poverty is Measured in the US.pdf,review,
01,,pdf,5. Poverty in America Statistics,"main/rebuild/content/legacy/whole/Module 1/WS1 Resources/Poverty, Intersectionality, Social Justice/5. Poverty in America Statistics.pdf",review,
01,,pdf,6. Data Illustrating the Intersectional Nature of Poverty,"main/rebuild/content/legacy/whole/Module 1/WS1 Resources/Poverty, Intersectionality, Social Justice/6. Data Illustrating the Intersectional Nature of Poverty.pdf",review,
01,,pdf,6. The  American Dream  of upward mobility is broken,main/rebuild/content/legacy/whole/Module 1/WS1 Handouts/6. The _American Dream_ of upward mobility is broken.pdf,review,
01,,pdf,7. Bruce’s Beach Systemic Racism and Reparations,"main/rebuild/content/legacy/whole/Module 1/WS1 Resources/Poverty, Intersectionality, Social Justice/7. Bruce’s Beach Systemic Racism and Reparations.pdf",review,
01,,pdf,7. White Privilege Invisible Knapsack,main/rebuild/content/legacy/whole/Module 1/WS1 Handouts/7. White Privilege Invisible Knapsack.pdf,review,
01,,pdf,8. Race and the lack of intergenerational economic mobility in the US,"main/rebuild/content/legacy/whole/Module 1/WS1 Resources/Poverty, Intersectionality, Social Justice/8. Race and the lack of intergenerational economic mobility in the US.pdf",review,
01,,pdf,9. Displacement in Portland,"main/rebuild/content/legacy/whole/Module 1/WS1 Resources/Poverty, Intersectionality, Social Justice/9. Displacement in Portland.pdf",review,
01,,pdf,Creating Community Agreements,main/rebuild/content/legacy/whole/Module 1/Course Introduction/Creating Community Agreements.pdf,review,
01,,pdf,Developing Community Agreements,main/rebuild/content/legacy/whole/Module 1/Course Introduction/Developing Community Agreements.pdf,review,
01,,pdf,Financial Literacy & African Americans  Bridging the Gap,main/rebuild/content/legacy/whole/Module 1/WS1 Handouts/Financial Literacy & African Americans_ Bridging the Gap.pdf,review,
01,,docx,MB FTS  1,main/rebuild/content/legacy/whole/Module 1/MB_FTS_ 1.docx,review,
01,,pdf,Money Basics PPT Workshop 1,main/rebuild/content/legacy/whole/Module 1/Money Basics PPT Workshop 1.pdf,review,
01,,pptx,OR WorkSystemsPresentation 20211006,main/rebuild/content/legacy/whole/Module 1/OR_WorkSystemsPresentation_20211006.pptx,review,
01,,pdf,SSS BudgetWorksheet 052023,main/rebuild/content/legacy/whole/Module 1/WS1 Handouts/SSS_BudgetWorksheet_052023.pdf,review,
01,,pdf,Trauma Informed Care in the Classroom,main/rebuild/content/legacy/whole/Module 1/Course Introduction/Trauma-Informed-Care-in-the-Classroom.pdf,review,
01,,pdf,W1 FG,main/rebuild/content/legacy/whole/Module 1/SG:FG/W1_FG.pdf,review,
01,,pdf,W1 FG copy,main/rebuild/content/legacy/whole/Module 1/SG:FG/W1_FG copy.pdf,review,
01,,pdf,W1 SG,main/rebuild/content/legacy/whole/Module 1/SG:FG/W1_SG.pdf,review,
01,,png,Wheel of Privilege and Power,main/rebuild/content/legacy/whole/Module 1/Visuals/Wheel of Privilege and Power.png,review,
01,,pdf,Workshop 01   Introduction,main/rebuild/content/legacy/whole/Module 1/Course Introduction/Workshop 01 - Introduction.pdf,review,
01,,pdf,Workshop 01   Introduction,main/rebuild/content/legacy/whole/Module 1/WS1 Resources/Workshop 01 - Introduction.pdf,review,
01,,pdf,Workshop 1 Additional Resources,main/rebuild/content/legacy/whole/Module 1/WS1 Resources/Workshop 1 Additional Resources.pdf,review,
01,,pdf,Workshop 1 Worksheets,main/rebuild/content/legacy/whole/Module 1/WS1 Handouts/Workshop 1 Worksheets.pdf,review,
01,,pdf,Workshop 1 Worksheets (extra),main/rebuild/content/legacy/whole/Module 1/WS1 Handouts/Workshop 1 Worksheets (extra).pdf,review,
01,,jpg,equity apple tree 1024x575,main/rebuild/content/legacy/whole/Module 1/Visuals/equity-apple-tree-1024x575.jpg,review,
01,,html,poverty intersectionality privilege excerpt,main/rebuild/content/legacy/whole/Module 1/Visuals/poverty_intersectionality_privilege_excerpt.html,review,
01,,png,workshop packet image,main/rebuild/content/legacy/whole/Module 1/Visuals/workshop packet image.png,review,
01,,docx,~$ FTS  1,main/rebuild/content/legacy/whole/Module 1/~$_FTS_ 1.docx,review,
02,Additional_Resources,docx,1. Person Centered Planning,main/rebuild/content/legacy/parts/Teaching Materials/Workshop 2/Resources/1. Person-Centered Planning.docx,ok,
02,Additional_Resources,pdf,1. Person Centered Planning,main/rebuild/content/legacy/parts/Teaching Materials/Workshop 2/Resources/1. Person-Centered Planning.pdf,ok,
02,Additional_Resources,pdf,2. Person Centered Planning Tools,main/rebuild/content/legacy/parts/Teaching Materials/Workshop 2/Resources/2. Person-Centered Planning Tools.pdf,ok,
02,Additional_Resources,docx,Workshop 2 Additional Resources,main/rebuild/content/legacy/parts/Teaching Materials/Workshop 2/Resources/Workshop 2 Additional Resources.docx,ok,
02,Additional_Resources,pdf,Workshop 2 Additional Resources,main/rebuild/content/legacy/parts/Teaching Materials/Workshop 2/Resources/Workshop 2 Additional Resources.pdf,ok,
02,Core_Resources,pptx,Money Basics PPT Workshop 2,main/rebuild/content/legacy/parts/Teaching Materials/Workshop 2/Money Basics PPT Workshop 2.pptx,ok,
02,Core_Resources,pdf,Workshop 02   Setting Financial Goals,main/rebuild/content/legacy/parts/FG:SG_Splits/Wksp/Facilitator Guide/Wksp PDFs/Workshop 02 - Setting Financial Goals.pdf,ok,
02,Core_Resources,pdf,Workshop 02   Setting Financial Goals; Person Directed Planning,main/rebuild/content/legacy/parts/FG:SG_Splits/Wksp/Student Guide/Wksps/Workshop 02 - Setting Financial Goals; Person Directed Planning.pdf,ok,
02,Handouts,pdf,1. What is Person Directed Planning,main/rebuild/content/legacy/parts/Teaching Materials/Workshop 2/Handouts/1. What is Person-Directed Planning.pdf,ok,
02,Handouts,docx,Workshop 2 Worksheets,main/rebuild/content/legacy/parts/Teaching Materials/Workshop 2/Handouts/Workshop 2 Worksheets.docx,ok,
02,Handouts,pdf,Workshop 2 Worksheets,main/rebuild/content/legacy/parts/Teaching Materials/Workshop 2/Handouts/Workshop 2 Worksheets.pdf,ok,
02,,docx,MB FTS  2,main/rebuild/content/legacy/whole/Module 2/MB_FTS_ 2.docx,review,
02,,docx,Module 2 Additional Resources,main/rebuild/content/legacy/whole/Module 2/Module 2 Additional Resources.docx,review,
02,,docx,Person Centered Planning,main/rebuild/content/legacy/whole/Module 2/Person-Centered Planning.docx,review,
02,,pdf,Workshop 02   Setting Financial Goals,main/rebuild/content/legacy/whole/Module 2/Workshop 02 - Setting Financial Goals.pdf,review,
03,Additional_Resources,docx,1. How to Make a Budget,main/rebuild/content/legacy/parts/Teaching Materials/Workshop 3/Resources/1. How to Make a Budget.docx,ok,
03,Additional_Resources,docx,10.  How to Buy a House with Low Income,main/rebuild/content/legacy/parts/Teaching Materials/Workshop 3/Resources/10.  How to Buy a House with Low Income.docx,ok,
03,Additional_Resources,docx,11. How To File For SSDI Benefits If Homeless,main/rebuild/content/legacy/parts/Teaching Materials/Workshop 3/Resources/11. How To File For SSDI Benefits If Homeless.docx,ok,
03,Additional_Resources,docx,13. SSI Elibility Requirements and Asset Limits,main/rebuild/content/legacy/parts/Teaching Materials/Workshop 3/Resources/13. SSI Elibility Requirements and Asset Limits.docx,ok,
03,Additional_Resources,docx,2. Free Online Budgeting Tools,main/rebuild/content/legacy/parts/Teaching Materials/Workshop 3/Resources/2. Free Online Budgeting Tools.docx,ok,
03,Additional_Resources,docx,3. How to Create a Successful Budget,main/rebuild/content/legacy/parts/Teaching Materials/Workshop 3/Resources/3. How to Create a Successful Budget.docx,ok,
03,Additional_Resources,docx,6. 10 Easy Ways to Save Money,main/rebuild/content/legacy/parts/Teaching Materials/Workshop 3/Resources/6. 10 Easy Ways to Save Money.docx,ok,
03,Additional_Resources,docx,8. No brainer Money Saving Tips,main/rebuild/content/legacy/parts/Teaching Materials/Workshop 3/Resources/8. No-brainer Money-Saving Tips.docx,ok,
03,Additional_Resources,docx,9. 11 Frugal Living Tips,main/rebuild/content/legacy/parts/Teaching Materials/Workshop 3/Resources/9. 11 Frugal Living Tips.docx,ok,
03,Additional_Resources,docx,Workshop 3 Additional Resources,main/rebuild/content/legacy/parts/Teaching Materials/Workshop 3/Resources/Workshop 3 Additional Resources.docx,ok,
03,Core_Resources,pptx,Money Basics PPT Workshop 3,main/rebuild/content/legacy/parts/Teaching Materials/Workshop 3/Money Basics PPT Workshop 3.pptx,ok,
03,Core_Resources,pdf,Workshop 03   Creating a Budget & Resources to Save Money,main/rebuild/content/legacy/parts/FG:SG_Splits/Wksp/Student Guide/Wksps/Workshop 03 - Creating a Budget & Resources to Save Money.pdf,ok,
03,Handouts,pdf,1. Budgeting Apps,Materials/_core_clean/Workshop_03/Handouts/1. Budgeting Apps.pdf,ok,
03,Handouts,docx,1. Budgeting Apps,main/rebuild/content/legacy/parts/Teaching Materials/Workshop 3/Handouts/1. Budgeting Apps.docx,ok,
03,Handouts,pdf,2. Budgeting Tips,Materials/_core_clean/Workshop_03/Handouts/2. Budgeting Tips.pdf,ok,
03,Handouts,pdf,3. Money Saving Resources Handout,Materials/_core_clean/Workshop_03/Handouts/3. Money Saving Resources Handout.pdf,ok,
03,Handouts,docx,3. Money Saving Resources Handout,main/rebuild/content/legacy/parts/Teaching Materials/Workshop 3/Handouts/3. Money Saving Resources Handout.docx,ok,
03,Handouts,pdf,Budget Worksheet 1,main/rebuild/content/legacy/parts/Teaching Materials/Workshop 3/Handouts/Budget Worksheet 1.pdf,ok,
03,Handouts,pdf,Budget Worksheet 2,main/rebuild/content/legacy/parts/Teaching Materials/Workshop 3/Handouts/Budget Worksheet 2.pdf,ok,
03,Handouts,pdf,Budget Worksheet 3,main/rebuild/content/legacy/parts/Teaching Materials/Workshop 3/Handouts/Budget Worksheet 3.pdf,ok,
03,Handouts,pdf,Fact Sheet Benefits Counseling,Materials/_core_clean/Workshop_03/Handouts/Fact-Sheet-Benefits-Counseling.pdf,ok,
03,Handouts,xlsx,Personal Balance Sheet,main/rebuild/content/legacy/parts/Teaching Materials/Workshop 3/Handouts/Personal Balance Sheet.xlsx,ok,
03,Handouts,xlsx,Personal Monthly Budget,main/rebuild/content/legacy/parts/Teaching Materials/Workshop 3/Handouts/Personal Monthly Budget.xlsx,ok,
03,Handouts,docx,Workshop 3 Worksheets,main/rebuild/content/legacy/parts/Teaching Materials/Workshop 3/Handouts/Workshop 3 Worksheets.docx,ok,
03,Handouts,pdf,Workshop 3 Worksheets,main/rebuild/content/legacy/parts/Teaching Materials/Workshop 3/Handouts/Workshop 3 Worksheets.pdf,ok,
03,Worksheets,pdf,Budget Worksheet 1,Materials/_core_clean/Workshop_03/Worksheets/Budget Worksheet 1.pdf,ok,
03,Worksheets,pdf,Budget Worksheet 2,Materials/_core_clean/Workshop_03/Worksheets/Budget Worksheet 2.pdf,ok,
03,Worksheets,pdf,Budget Worksheet 3,Materials/_core_clean/Workshop_03/Worksheets/Budget Worksheet 3.pdf,ok,
03,Worksheets,pdf,Budget Worksheet 4  Income & Expenses,Materials/_core_clean/Workshop_03/Worksheets/Budget Worksheet 4_ Income & Expenses.pdf,ok,
03,Worksheets,xlsx,Personal Balance Sheet,Materials/_core_clean/Workshop_03/Worksheets/Personal Balance Sheet.xlsx,ok,
03,Worksheets,xlsx,Personal Monthly Budget,Materials/_core_clean/Workshop_03/Worksheets/Personal Monthly Budget.xlsx,ok,
03,,pdf,1. How to Make a Budget,Materials/_core_clean/Workshop_03/Additional_Resources/1. How to Make a Budget.pdf,review,
03,,docx,10 Easy Ways to Save Money,main/rebuild/content/legacy/whole/Module 3/10 Easy Ways to Save Money.docx,review,
03,,pdf,10.  How to Buy a House with Low Income,Materials/_core_clean/Workshop_03/Additional_Resources/10.  How to Buy a House with Low Income.pdf,review,
03,,docx,11 Frugal Living Tips,main/rebuild/content/legacy/whole/Module 3/11 Frugal Living Tips.docx,review,
03,,pdf,11. How To File For SSDI Benefits If Homeless,Materials/_core_clean/Workshop_03/Additional_Resources/11. How To File For SSDI Benefits If Homeless.pdf,review,
03,,pdf,12. SSI Ticket to Work and PASS Accounts,Materials/_core_clean/Workshop_03/Additional_Resources/12. SSI Ticket to Work and PASS Accounts.pdf,review,
03,,pdf,13. SSI Elibility Requirements and Asset Limits,Materials/_core_clean/Workshop_03/Additional_Resources/13. SSI Elibility Requirements and Asset Limits.pdf,review,
03,,pdf,2. Free Online Budgeting Tools,Materials/_core_clean/Workshop_03/Additional_Resources/2. Free Online Budgeting Tools.pdf,review,
03,,pdf,25 Ways to Live on Less,Materials/_core_clean/Workshop_03/Additional_Resources/25 Ways to Live on Less.pdf,review,
03,,pdf,3. How to Create a Successful Budget,Materials/_core_clean/Workshop_03/Additional_Resources/3. How to Create a Successful Budget.pdf,review,
03,,pdf,4. How to Create a Budget in Six Steps,Materials/_core_clean/Workshop_03/Additional_Resources/4. How to Create a Budget in Six Steps.pdf,review,
03,,docx,5 No brainer Money Saving Tips,main/rebuild/content/legacy/whole/Module 3/5 No-brainer Money-Saving Tips.docx,review,
03,,pdf,5. 190 Online Resources for Saving Money,Materials/_core_clean/Workshop_03/Additional_Resources/5. 190 Online Resources for Saving Money.pdf,review,
03,,pdf,6. 10 Easy Ways to Save Money,Materials/_core_clean/Workshop_03/Additional_Resources/6. 10 Easy Ways to Save Money.pdf,review,
03,,pdf,7. 99 Great Ways to Save Money,Materials/_core_clean/Workshop_03/Additional_Resources/7. 99 Great Ways to Save Money.pdf,review,
03,,pdf,8. No brainer Money Saving Tips,Materials/_core_clean/Workshop_03/Additional_Resources/8. No-brainer Money-Saving Tips.pdf,review,
03,,pdf,9. 11 Frugal Living Tips,Materials/_core_clean/Workshop_03/Additional_Resources/9. 11 Frugal Living Tips.pdf,review,
03,,docx,Budgeting Apps,main/rebuild/content/legacy/whole/Module 3/Budgeting Apps.docx,review,
03,,pdf,Guide to SSI,Materials/_core_clean/Workshop_03/Additional_Resources/Guide to SSI.pdf,review,
03,,docx,How To File For Social Security Disability Benefits If Homeless,main/rebuild/content/legacy/whole/Module 3/How To File For Social Security Disability Benefits If Homeless.docx,review,
03,,docx,How to Buy a House with Low Income,main/rebuild/content/legacy/whole/Module 3/How to Buy a House with Low Income.docx,review,
03,,docx,How to Make a Budget,main/rebuild/content/legacy/whole/Module 3/How to Make a Budget.docx,review,
03,,docx,MB FTS  3,main/rebuild/content/legacy/whole/Module 3/MB_FTS_ 3.docx,review,
03,,docx,MB Money Saving Resources Handout,main/rebuild/content/legacy/whole/Module 3/MB Money Saving Resources Handout.docx,review,
03,,docx,Module 3 Additional Resources,main/rebuild/content/legacy/whole/Module 3/Module 3 Additional Resources.docx,review,
03,,pdf,Money Basics PPT Workshop 3,Materials/_core_clean/Workshop_03/Core_Resources/Slides/Money Basics PPT Workshop 3.pdf,review,
03,,pdf,Money Basics PPT Workshop 3,main/rebuild/content/legacy/parts/Teaching Materials/Workshop 3/Money Basics PPT Workshop 3.pdf,review,
03,,docx,Online Budgeting Tools,main/rebuild/content/legacy/whole/Module 3/Online Budgeting Tools.docx,review,
03,,docx,SSI Elibility Requirements and Asset Limits,main/rebuild/content/legacy/whole/Module 3/SSI Elibility Requirements and Asset Limits.docx,review,
03,,pdf,Student Guide Workshop 03 Creating a  Budget,Materials/_core_clean/Workshop_03/Core_Resources/Guides/Student_Guide-Workshop_03-Creating_a_ Budget.pdf,review,
03,,pdf,The Social Security Administration Red Book (2020),Materials/_core_clean/Workshop_03/Additional_Resources/The Social Security Administration Red Book (2020).pdf,review,
03,,pdf,Tips for Family Money Management,Materials/_core_clean/Workshop_03/Additional_Resources/Tips for Family Money Management.pdf,review,
03,,pdf,Tips for Successful Budgeting,Materials/_core_clean/Workshop_03/Additional_Resources/Tips for Successful Budgeting.pdf,review,
03,,docx,What Makes for a Successful Budget,main/rebuild/content/legacy/whole/Module 3/What Makes for a Successful Budget.docx,review,
03,,pdf,Workshop 03   Creating a Budget,main/rebuild/content/legacy/whole/Module 3/Workshop 03 - Creating a Budget.pdf,review,
03,,pdf,Workshop 3 Additional Resources,Materials/_core_clean/Workshop_03/Additional_Resources/Workshop 3 Additional Resources.pdf,review,
03,,docx,~$ FTS  3,main/rebuild/content/legacy/whole/Module 3/~$_FTS_ 3.docx,review,
04,Additional_Resources,docx,1. How to Open a Bank Account,main/rebuild/content/legacy/parts/Teaching Materials/Workshop 4/Resources/1. How to Open a Bank Account.docx,ok,
04,Additional_Resources,pdf,1. How to Open a Bank Account,main/rebuild/content/legacy/parts/Teaching Materials/Workshop 4/Resources/1. How to Open a Bank Account.pdf,ok,
04,Additional_Resources,pdf,2. What to Consider When Opening a Bank Account,main/rebuild/content/legacy/parts/Teaching Materials/Workshop 4/Resources/2. What to Consider When Opening a Bank Account.pdf,ok,
04,Additional_Resources,docx,3. How to Open a Checking Account With Bad Credit,main/rebuild/content/legacy/parts/Teaching Materials/Workshop 4/Resources/3. How to Open a Checking Account With Bad Credit.docx,ok,
04,Additional_Resources,pdf,3. How to Open a Checking Account With Bad Credit,main/rebuild/content/legacy/parts/Teaching Materials/Workshop 4/Resources/3. How to Open a Checking Account With Bad Credit.pdf,ok,
04,Additional_Resources,docx,4. Is Balancing Your Checkbook Still Important,main/rebuild/content/legacy/parts/Teaching Materials/Workshop 4/Resources/4. Is Balancing Your Checkbook Still Important.docx,ok,
04,Additional_Resources,pdf,4. Is Balancing Your Checkbook Still Important,main/rebuild/content/legacy/parts/Teaching Materials/Workshop 4/Resources/4. Is Balancing Your Checkbook Still Important.pdf,ok,
04,Additional_Resources,pdf,5. Check Writing Tips,main/rebuild/content/legacy/parts/Teaching Materials/Workshop 4/Resources/5. Check Writing Tips.pdf,ok,
04,Additional_Resources,pdf,6. Common Banking Fees,main/rebuild/content/legacy/parts/Teaching Materials/Workshop 4/Resources/6. Common Banking Fees.pdf,ok,
04,Additional_Resources,pdf,How to Read a Check,main/rebuild/content/legacy/parts/Teaching Materials/Workshop 4/Resources/How to Read a Check.pdf,ok,
04,Additional_Resources,pdf,How to Write a Check,main/rebuild/content/legacy/parts/Teaching Materials/Workshop 4/Resources/How to Write a Check.pdf,ok,
04,Additional_Resources,pdf,Keeping a Check Register,main/rebuild/content/legacy/parts/Teaching Materials/Workshop 4/Resources/Keeping a Check Register.pdf,ok,
04,Additional_Resources,pdf,Why.Are.Credit.Unions.Different.Than.Banks,main/rebuild/content/legacy/parts/Teaching Materials/Workshop 4/Resources/Why.Are.Credit.Unions.Different.Than.Banks.pdf,ok,
04,Additional_Resources,docx,Workshop 4 Additional Resources,main/rebuild/content/legacy/parts/Teaching Materials/Workshop 4/Resources/Workshop 4 Additional Resources.docx,ok,
04,Additional_Resources,pdf,Workshop 4 Additional Resources,main/rebuild/content/legacy/parts/Teaching Materials/Workshop 4/Resources/Workshop 4 Additional Resources.pdf,ok,
04,Core_Resources,pptx,Money Basics PPT Workshop 4,main/rebuild/content/legacy/parts/Teaching Materials/Workshop 4/Money Basics PPT Workshop 4.pptx,ok,
04,Core_Resources,pdf,Workshop 04   Banking Basics,main/rebuild/content/legacy/parts/FG:SG_Splits/Wksp/Facilitator Guide/Wksp PDFs/Workshop 04 - Banking Basics.pdf,ok,
04,Core_Resources,pdf,Workshop 04   Banking Basics & Checking Accounts,main/rebuild/content/legacy/parts/FG:SG_Splits/Wksp/Student Guide/Wksps/Workshop 04 - Banking Basics & Checking Accounts.pdf,ok,
04,Handouts,docx,1. Second Chance Checking Accounts,main/rebuild/content/legacy/parts/Teaching Materials/Workshop 4/Handouts/1. Second Chance Checking Accounts.docx,ok,
04,Handouts,pdf,1. Second Chance Checking Accounts.docx,main/rebuild/content/legacy/parts/Teaching Materials/Workshop 4/Handouts/1. Second Chance Checking Accounts.docx.pdf,ok,
04,Handouts,pdf,2. How to Avoid Bank Fees,main/rebuild/content/legacy/parts/Teaching Materials/Workshop 4/Handouts/2. How to Avoid Bank Fees.pdf,ok,
04,Handouts,docx,3. How to Balance Your Checkbook,main/rebuild/content/legacy/parts/Teaching Materials/Workshop 4/Handouts/3. How to Balance Your Checkbook.docx,ok,
04,Handouts,pdf,3. How to Balance Your Checkbook.docx,main/rebuild/content/legacy/parts/Teaching Materials/Workshop 4/Handouts/3. How to Balance Your Checkbook.docx.pdf,ok,
04,Handouts,docx,Check Writing Activity Cards,main/rebuild/content/legacy/parts/Teaching Materials/Workshop 4/Handouts/Check Writing Activity Cards.docx,ok,
04,Handouts,pdf,Check Writing Activity Cards,main/rebuild/content/legacy/parts/Teaching Materials/Workshop 4/Handouts/Check Writing Activity Cards.pdf,ok,
04,Handouts,docx,Check Writing Activity Instructions,main/rebuild/content/legacy/parts/Teaching Materials/Workshop 4/Handouts/Check Writing Activity Instructions.docx,ok,
04,Handouts,pdf,Check Writing Activity Instructions,main/rebuild/content/legacy/parts/Teaching Materials/Workshop 4/Handouts/Check Writing Activity Instructions.pdf,ok,
04,Handouts,pdf,Practice Checks,main/rebuild/content/legacy/parts/Teaching Materials/Workshop 4/Handouts/Practice Checks.pdf,ok,
04,Handouts,docx,Workshop 4 Worksheet,main/rebuild/content/legacy/parts/Teaching Materials/Workshop 4/Handouts/Workshop 4 Worksheet.docx,ok,
04,Handouts,pdf,Workshop 4 Worksheet,main/rebuild/content/legacy/parts/Teaching Materials/Workshop 4/Handouts/Workshop 4 Worksheet.pdf,ok,
04,,jpg,20251212 102840,main/rebuild/content/legacy/whole/Module 4/check_writing_activity/20251212_102840.jpg,review,
04,,jpg,20251212 102853,main/rebuild/content/legacy/whole/Module 4/check_writing_activity/20251212_102853.jpg,review,
04,,jpg,20251212 102910,main/rebuild/content/legacy/whole/Module 4/check_writing_activity/20251212_102910.jpg,review,
04,,jpg,20251212 102915,main/rebuild/content/legacy/whole/Module 4/check_writing_activity/20251212_102915.jpg,review,
04,,docx,How to Balance Your Checkbook,main/rebuild/content/legacy/whole/Module 4/How to Balance Your Checkbook.docx,review,
04,,docx,How to Open a Bank Account,main/rebuild/content/legacy/whole/Module 4/How to Open a Bank Account.docx,review,
04,,docx,How to Open a Bank Checking Account With Bad Credit,main/rebuild/content/legacy/whole/Module 4/How to Open a Bank Checking Account With Bad Credit.docx,review,
04,,docx,MB FTS  4,main/rebuild/content/legacy/whole/Module 4/MB_FTS_ 4.docx,review,
04,,docx,Module 4 Additional Resources,main/rebuild/content/legacy/whole/Module 4/Module 4 Additional Resources.docx,review,
04,,pdf,Money Basics PPT Workshop 4,main/rebuild/content/legacy/parts/Teaching Materials/Workshop 4/Money Basics PPT Workshop 4.pdf,review,
04,,docx,Second Chance Checking Accounts,main/rebuild/content/legacy/whole/Module 4/Second Chance Checking Accounts.docx,review,
04,,docx,Why Balancing Your Checkbook is Important,main/rebuild/content/legacy/whole/Module 4/Why Balancing Your Checkbook is Important.docx,review,
04,,pdf,Workshop 04   Banking Basics,main/rebuild/content/legacy/whole/Module 4/Workshop 04 - Banking Basics.pdf,review,
04,,zip,module4photos,main/rebuild/content/legacy/whole/Module 4/module4photos.zip,review,
05,Additional_Resources,pdf,1. What to Do if Your Debit Card is Lost or Stolen,main/rebuild/content/legacy/parts/Teaching Materials/Workshop 5/Resources/1. What to Do if Your Debit Card is Lost or Stolen.pdf,ok,
05,Additional_Resources,pdf,1. What to Do if Your Debit Card is Lost or Stolen,main/rebuild/content/legacy/whole/Module 5/Resources/1. What to Do if Your Debit Card is Lost or Stolen.pdf,ok,
05,Additional_Resources,pdf,10. Online and Mobile Money Safety,main/rebuild/content/legacy/parts/Teaching Materials/Workshop 5/Resources/10. Online and Mobile Money Safety.pdf,ok,
05,Additional_Resources,pdf,10. Online and Mobile Money Safety,main/rebuild/content/legacy/whole/Module 5/Resources/10. Online and Mobile Money Safety.pdf,ok,
05,Additional_Resources,pdf,11. First Aid for Identity Theft,main/rebuild/content/legacy/parts/Teaching Materials/Workshop 5/Resources/11. First Aid for Identity Theft.pdf,ok,
05,Additional_Resources,pdf,11. First Aid for Identity Theft,main/rebuild/content/legacy/whole/Module 5/Resources/11. First Aid for Identity Theft.pdf,ok,
05,Additional_Resources,docx,12. How to Spot and Avoid Card Skimmers,main/rebuild/content/legacy/parts/Teaching Materials/Workshop 5/Resources/12. How to Spot and Avoid Card Skimmers.docx,ok,
05,Additional_Resources,pdf,12. How to Spot and Avoid Card Skimmers,main/rebuild/content/legacy/parts/Teaching Materials/Workshop 5/Resources/12. How to Spot and Avoid Card Skimmers.pdf,ok,
05,Additional_Resources,docx,12. How to Spot and Avoid Card Skimmers,main/rebuild/content/legacy/whole/Module 5/Resources/12. How to Spot and Avoid Card Skimmers.docx,ok,
05,Additional_Resources,pdf,12. How to Spot and Avoid Card Skimmers,main/rebuild/content/legacy/whole/Module 5/Resources/12. How to Spot and Avoid Card Skimmers.pdf,ok,
05,Additional_Resources,pdf,13. IRS Tips for Protecting Your Identity,main/rebuild/content/legacy/parts/Teaching Materials/Workshop 5/Resources/13. IRS Tips for Protecting Your Identity.pdf,ok,
05,Additional_Resources,pdf,13. IRS Tips for Protecting Your Identity,main/rebuild/content/legacy/whole/Module 5/Resources/13. IRS Tips for Protecting Your Identity.pdf,ok,
05,Additional_Resources,pdf,14. Repairing Identity Theft,main/rebuild/content/legacy/parts/Teaching Materials/Workshop 5/Resources/14. Repairing Identity Theft.pdf,ok,
05,Additional_Resources,pdf,14. Repairing Identity Theft,main/rebuild/content/legacy/whole/Module 5/Resources/14. Repairing Identity Theft.pdf,ok,
05,Additional_Resources,pdf,15. What To Do if You ve Been Scammed,main/rebuild/content/legacy/parts/Teaching Materials/Workshop 5/Resources/15. What To Do if You_ve Been Scammed.pdf,ok,
05,Additional_Resources,pdf,15. What To Do if You ve Been Scammed,main/rebuild/content/legacy/whole/Module 5/Resources/15. What To Do if You_ve Been Scammed.pdf,ok,
05,Additional_Resources,pdf,16. What is ATM Skimming,main/rebuild/content/legacy/parts/Teaching Materials/Workshop 5/Resources/16. What is ATM Skimming.pdf,ok,
05,Additional_Resources,pdf,16. What is ATM Skimming,main/rebuild/content/legacy/whole/Module 5/Resources/16. What is ATM Skimming.pdf,ok,
05,Additional_Resources,docx,2. Debit Card Safety Online,main/rebuild/content/legacy/parts/Teaching Materials/Workshop 5/Resources/2. Debit Card Safety Online.docx,ok,
05,Additional_Resources,pdf,2. Debit Card Safety Online,main/rebuild/content/legacy/parts/Teaching Materials/Workshop 5/Resources/2. Debit Card Safety Online.pdf,ok,
05,Additional_Resources,docx,2. Debit Card Safety Online,main/rebuild/content/legacy/whole/Module 5/Resources/2. Debit Card Safety Online.docx,ok,
05,Additional_Resources,pdf,2. Debit Card Safety Online,main/rebuild/content/legacy/whole/Module 5/Resources/2. Debit Card Safety Online.pdf,ok,
05,Additional_Resources,pdf,3. Best Online Banks,main/rebuild/content/legacy/parts/Teaching Materials/Workshop 5/Resources/3. Best Online Banks.pdf,ok,
05,Additional_Resources,pdf,3. Best Online Banks,main/rebuild/content/legacy/whole/Module 5/Resources/3. Best Online Banks.pdf,ok,
05,Additional_Resources,docx,4. Alternatives to Traditional Banks,main/rebuild/content/legacy/parts/Teaching Materials/Workshop 5/Resources/4. Alternatives to Traditional Banks.docx,ok,
05,Additional_Resources,pdf,4. Alternatives to Traditional Banks,main/rebuild/content/legacy/parts/Teaching Materials/Workshop 5/Resources/4. Alternatives to Traditional Banks.pdf,ok,
05,Additional_Resources,docx,4. Alternatives to Traditional Banks,main/rebuild/content/legacy/whole/Module 5/Resources/4. Alternatives to Traditional Banks.docx,ok,
05,Additional_Resources,pdf,4. Alternatives to Traditional Banks,main/rebuild/content/legacy/whole/Module 5/Resources/4. Alternatives to Traditional Banks.pdf,ok,
05,Additional_Resources,docx,5. Pros and Cons of Internet Banks,main/rebuild/content/legacy/parts/Teaching Materials/Workshop 5/Resources/5. Pros and Cons of Internet Banks.docx,ok,
05,Additional_Resources,pdf,5. Pros and Cons of Internet Banks,main/rebuild/content/legacy/parts/Teaching Materials/Workshop 5/Resources/5. Pros and Cons of Internet Banks.pdf,ok,
05,Additional_Resources,docx,5. Pros and Cons of Internet Banks,main/rebuild/content/legacy/whole/Module 5/Resources/5. Pros and Cons of Internet Banks.docx,ok,
05,Additional_Resources,pdf,5. Pros and Cons of Internet Banks,main/rebuild/content/legacy/whole/Module 5/Resources/5. Pros and Cons of Internet Banks.pdf,ok,
05,Additional_Resources,pdf,6. What are Credit Unions,main/rebuild/content/legacy/parts/Teaching Materials/Workshop 5/Resources/6. What are Credit Unions.pdf,ok,
05,Additional_Resources,pdf,6. What are Credit Unions,main/rebuild/content/legacy/whole/Module 5/Resources/6. What are Credit Unions.pdf,ok,
05,Additional_Resources,docx,"7. Online Banking Definition, Pros and Cons","main/rebuild/content/legacy/parts/Teaching Materials/Workshop 5/Resources/7. Online Banking Definition, Pros and Cons.docx",ok,
05,Additional_Resources,pdf,"7. Online Banking Definition, Pros and Cons","main/rebuild/content/legacy/parts/Teaching Materials/Workshop 5/Resources/7. Online Banking Definition, Pros and Cons.pdf",ok,
05,Additional_Resources,docx,"7. Online Banking Definition, Pros and Cons","main/rebuild/content/legacy/whole/Module 5/Resources/7. Online Banking Definition, Pros and Cons.docx",ok,
05,Additional_Resources,pdf,"7. Online Banking Definition, Pros and Cons","main/rebuild/content/legacy/whole/Module 5/Resources/7. Online Banking Definition, Pros and Cons.pdf",ok,
05,Additional_Resources,docx,8. Things to Consider When Choosing an Online Bank,main/rebuild/content/legacy/parts/Teaching Materials/Workshop 5/Resources/8. Things to Consider When Choosing an Online Bank.docx,ok,
05,Additional_Resources,pdf,8. Things to Consider When Choosing an Online Bank,main/rebuild/content/legacy/parts/Teaching Materials/Workshop 5/Resources/8. Things to Consider When Choosing an Online Bank.pdf,ok,
05,Additional_Resources,docx,8. Things to Consider When Choosing an Online Bank,main/rebuild/content/legacy/whole/Module 5/Resources/8. Things to Consider When Choosing an Online Bank.docx,ok,
05,Additional_Resources,pdf,8. Things to Consider When Choosing an Online Bank,main/rebuild/content/legacy/whole/Module 5/Resources/8. Things to Consider When Choosing an Online Bank.pdf,ok,
05,Additional_Resources,pdf,9. List of Virtual Banks and Their Benefits,main/rebuild/content/legacy/parts/Teaching Materials/Workshop 5/Resources/9. List of Virtual Banks and Their Benefits.pdf,ok,
05,Additional_Resources,pdf,9. List of Virtual Banks and Their Benefits,main/rebuild/content/legacy/whole/Module 5/Resources/9. List of Virtual Banks and Their Benefits.pdf,ok,
05,Additional_Resources,docx,ATM Safety Scenarios,main/rebuild/content/legacy/parts/Teaching Materials/Workshop 5/Resources/ATM Safety Scenarios.docx,ok,
05,Additional_Resources,pdf,ATM Safety Scenarios,main/rebuild/content/legacy/parts/Teaching Materials/Workshop 5/Resources/ATM Safety Scenarios.pdf,ok,
05,Additional_Resources,docx,ATM Safety Scenarios,main/rebuild/content/legacy/whole/Module 5/Resources/ATM Safety Scenarios.docx,ok,
05,Additional_Resources,pdf,ATM Safety Scenarios,main/rebuild/content/legacy/whole/Module 5/Resources/ATM Safety Scenarios.pdf,ok,
05,Additional_Resources,pdf,Internet.Banking.Safety.Tips,main/rebuild/content/legacy/parts/Teaching Materials/Workshop 5/Resources/Internet.Banking.Safety.Tips.pdf,ok,
05,Additional_Resources,pdf,Internet.Banking.Safety.Tips,main/rebuild/content/legacy/whole/Module 5/Resources/Internet.Banking.Safety.Tips.pdf,ok,
05,Additional_Resources,pdf,Safe Virtual Banking,main/rebuild/content/legacy/parts/Teaching Materials/Workshop 5/Resources/Safe Virtual Banking.pdf,ok,
05,Additional_Resources,pdf,Safe Virtual Banking,main/rebuild/content/legacy/whole/Module 5/Resources/Safe Virtual Banking.pdf,ok,
05,Additional_Resources,pdf,Workshop 5 Additional Resources,main/rebuild/content/legacy/parts/Teaching Materials/Workshop 5/Resources/Workshop 5 Additional Resources.pdf,ok,
05,Additional_Resources,pdf,Workshop 5 Additional Resources,main/rebuild/content/legacy/whole/Module 5/Resources/Workshop 5 Additional Resources.pdf,ok,
05,Core_Resources,pptx,Money Basics PPT Workshop 5,main/rebuild/content/legacy/parts/Teaching Materials/Workshop 5/Money Basics PPT Workshop 5.pptx,ok,
05,Core_Resources,pdf,"Workshop 05   Debit Cards, ATMs, Online Banking","main/rebuild/content/legacy/parts/FG:SG_Splits/Wksp/Facilitator Guide/Wksp PDFs/Workshop 05 - Debit Cards, ATMs, Online Banking.pdf",ok,
05,Core_Resources,pdf,"Workshop 05   Debit Cards, ATMs, Online Banking & Money Safety","main/rebuild/content/legacy/parts/FG:SG_Splits/Wksp/Student Guide/Wksps/Workshop 05 - Debit Cards, ATMs, Online Banking & Money Safety.pdf",ok,
05,Handouts,pdf,1. ATMs and ATM Safety,main/rebuild/content/legacy/parts/Teaching Materials/Workshop 5/Handouts/1. ATMs and ATM Safety.pdf,ok,
05,Handouts,pdf,1. ATMs and ATM Safety,main/rebuild/content/legacy/whole/Module 5/Handouts/1. ATMs and ATM Safety.pdf,ok,
05,Handouts,pdf,2. Best Online Banks of 2021,main/rebuild/content/legacy/parts/Teaching Materials/Workshop 5/Handouts/2. Best Online Banks of 2021.pdf,ok,
05,Handouts,pdf,2. Best Online Banks of 2021,main/rebuild/content/legacy/whole/Module 5/Handouts/2. Best Online Banks of 2021.pdf,ok,
05,Handouts,docx,3. Options if You Can t Open a Traditional Bank Account,main/rebuild/content/legacy/parts/Teaching Materials/Workshop 5/Handouts/3. Options if You Can_t Open a Traditional Bank Account.docx,ok,
05,Handouts,pdf,3. Options if You Can t Open a Traditional Bank Account,main/rebuild/content/legacy/parts/Teaching Materials/Workshop 5/Handouts/3. Options if You Can_t Open a Traditional Bank Account.pdf,ok,
05,Handouts,docx,3. Options if You Can t Open a Traditional Bank Account,main/rebuild/content/legacy/whole/Module 5/Handouts/3. Options if You Can_t Open a Traditional Bank Account.docx,ok,
05,Handouts,pdf,3. Options if You Can t Open a Traditional Bank Account,main/rebuild/content/legacy/whole/Module 5/Handouts/3. Options if You Can_t Open a Traditional Bank Account.pdf,ok,
05,Handouts,pdf,4. Common Phone Scams,main/rebuild/content/legacy/parts/Teaching Materials/Workshop 5/Handouts/4. Common Phone Scams.pdf,ok,
05,Handouts,pdf,4. Common Phone Scams,main/rebuild/content/legacy/whole/Module 5/Handouts/4. Common Phone Scams.pdf,ok,
05,Handouts,pdf,5. How to Avoid Identity Scams,main/rebuild/content/legacy/parts/Teaching Materials/Workshop 5/Handouts/5. How to Avoid Identity Scams.pdf,ok,
05,Handouts,pdf,5. How to Avoid Identity Scams,main/rebuild/content/legacy/whole/Module 5/Handouts/5. How to Avoid Identity Scams.pdf,ok,
05,Handouts,pdf,6. Help for Identity Theft,main/rebuild/content/legacy/parts/Teaching Materials/Workshop 5/Handouts/6. Help for Identity Theft.pdf,ok,
05,Handouts,pdf,6. Help for Identity Theft,main/rebuild/content/legacy/whole/Module 5/Handouts/6. Help for Identity Theft.pdf,ok,
05,,pdf,WSP 5 FG,main/rebuild/content/legacy/whole/Module 5/WSP_5_FG .pdf,review,
05,,docx,WSP 5 FT,main/rebuild/content/legacy/whole/Module 5/WSP_5_FT.docx,review,
05,,txt,manifest,main/rebuild/content/legacy/whole/Module 5/manifest.txt,review,
06,Additional_Resources,docx,1. How Credit Scores Work,main/rebuild/content/legacy/parts/Teaching Materials/Workshop 6/Resources/1. How Credit Scores Work.docx,ok,
06,Additional_Resources,pdf,1. How Credit Scores Work,main/rebuild/content/legacy/parts/Teaching Materials/Workshop 6/Resources/1. How Credit Scores Work.pdf,ok,
06,Additional_Resources,pdf,10. Student Loan Settlements,main/rebuild/content/legacy/parts/Teaching Materials/Workshop 6/Resources/10. Student Loan Settlements.pdf,ok,
06,Additional_Resources,pdf,11 How to Get a Good Deal on your First Car Loan,main/rebuild/content/legacy/parts/Teaching Materials/Workshop 6/Resources/11 How to Get a Good Deal on your First Car Loan.pdf,ok,
06,Additional_Resources,pdf,12. What To Know About Payday and Car Title Loans,main/rebuild/content/legacy/parts/Teaching Materials/Workshop 6/Resources/12. What To Know About Payday and Car Title Loans.pdf,ok,
06,Additional_Resources,pdf,13. Predatory Lending Practices,main/rebuild/content/legacy/parts/Teaching Materials/Workshop 6/Resources/13. Predatory Lending Practices.pdf,ok,
06,Additional_Resources,pdf,14. What Is Predatory Mortgage Lending,main/rebuild/content/legacy/parts/Teaching Materials/Workshop 6/Resources/14. What Is Predatory Mortgage Lending.pdf,ok,
06,Additional_Resources,pdf,15. How to Ask for a Lower Credit Card Interest Rate,main/rebuild/content/legacy/parts/Teaching Materials/Workshop 6/Resources/15. How to Ask for a Lower Credit Card Interest Rate.pdf,ok,
06,Additional_Resources,docx,16. How to Get the Best Car Loan,main/rebuild/content/legacy/parts/Teaching Materials/Workshop 6/Resources/16. How to Get the Best Car Loan.docx,ok,
06,Additional_Resources,pdf,16. How to Get the Best Car Loan,main/rebuild/content/legacy/parts/Teaching Materials/Workshop 6/Resources/16. How to Get the Best Car Loan.pdf,ok,
06,Additional_Resources,pdf,17. Interest Rates and Student Loans,main/rebuild/content/legacy/parts/Teaching Materials/Workshop 6/Resources/17. Interest Rates and Student Loans.pdf,ok,
06,Additional_Resources,docx,18. Why Payday Loans Can Be Costly,main/rebuild/content/legacy/parts/Teaching Materials/Workshop 6/Resources/18. Why Payday Loans Can Be Costly.docx,ok,
06,Additional_Resources,pdf,18. Why Payday Loans Can Be Costly,main/rebuild/content/legacy/parts/Teaching Materials/Workshop 6/Resources/18. Why Payday Loans Can Be Costly.pdf,ok,
06,Additional_Resources,pdf,19. Predatory Lending and Mortgages,main/rebuild/content/legacy/parts/Teaching Materials/Workshop 6/Resources/19. Predatory Lending and Mortgages.pdf,ok,
06,Additional_Resources,docx,2. How to Choose a Credit Card,main/rebuild/content/legacy/parts/Teaching Materials/Workshop 6/Resources/2. How to Choose a Credit Card.docx,ok,
06,Additional_Resources,pdf,2. How to Choose a Credit Card,main/rebuild/content/legacy/parts/Teaching Materials/Workshop 6/Resources/2. How to Choose a Credit Card.pdf,ok,
06,Additional_Resources,pdf,3. Little Known Facts About Your Credit Card,main/rebuild/content/legacy/parts/Teaching Materials/Workshop 6/Resources/3. Little-Known Facts About Your Credit Card.pdf,ok,
06,Additional_Resources,docx,4. How to Raise a Low Credit Score,main/rebuild/content/legacy/parts/Teaching Materials/Workshop 6/Resources/4. How to Raise a Low Credit Score.docx,ok,
06,Additional_Resources,pdf,4. How to Raise a Low Credit Score,main/rebuild/content/legacy/parts/Teaching Materials/Workshop 6/Resources/4. How to Raise a Low Credit Score.pdf,ok,
06,Additional_Resources,pdf,5. Best Credit Cards for Rebuilding Bad Credit,main/rebuild/content/legacy/parts/Teaching Materials/Workshop 6/Resources/5. Best Credit Cards for Rebuilding Bad Credit.pdf,ok,
06,Additional_Resources,docx,6. What You Should Know About Credit Card Interest Rates,main/rebuild/content/legacy/parts/Teaching Materials/Workshop 6/Resources/6. What You Should Know About Credit Card Interest Rates.docx,ok,
06,Additional_Resources,pdf,6. What You Should Know About Credit Card Interest Rates,main/rebuild/content/legacy/parts/Teaching Materials/Workshop 6/Resources/6. What You Should Know About Credit Card Interest Rates.pdf,ok,
06,Additional_Resources,pdf,7. Spotting Credit Repair Scams,main/rebuild/content/legacy/parts/Teaching Materials/Workshop 6/Resources/7. Spotting Credit Repair Scams.pdf,ok,
06,Additional_Resources,docx,8. How to Get Preapproved for a Loan,main/rebuild/content/legacy/parts/Teaching Materials/Workshop 6/Resources/8. How to Get Preapproved for a Loan.docx,ok,
06,Additional_Resources,pdf,8. How to Get Preapproved for a Loan,main/rebuild/content/legacy/parts/Teaching Materials/Workshop 6/Resources/8. How to Get Preapproved for a Loan.pdf,ok,
06,Additional_Resources,pdf,9. Credit Unions and Car Loans,main/rebuild/content/legacy/parts/Teaching Materials/Workshop 6/Resources/9. Credit Unions and Car Loans.pdf,ok,
06,Additional_Resources,pdf,Building.a.Better.Credit.Report,main/rebuild/content/legacy/parts/Teaching Materials/Workshop 6/Resources/Building.a.Better.Credit.Report.pdf,ok,
06,Additional_Resources,pdf,Difference.Between.Fixed.and.Variable.Interest.Rates,main/rebuild/content/legacy/parts/Teaching Materials/Workshop 6/Resources/Difference.Between.Fixed.and.Variable.Interest.Rates.pdf,ok,
06,Additional_Resources,pdf,How.Credit.Cards.Work.Discover,main/rebuild/content/legacy/parts/Teaching Materials/Workshop 6/Resources/How.Credit.Cards.Work.Discover.pdf,ok,
06,Additional_Resources,pdf,Predatory Lending  Payday Loans.pdf,main/rebuild/content/legacy/parts/Teaching Materials/Workshop 6/Resources/Predatory Lending- Payday Loans.pdf .pdf,ok,
06,Additional_Resources,pdf,Reading.Your.Credit.Card.Bill,main/rebuild/content/legacy/parts/Teaching Materials/Workshop 6/Resources/Reading.Your.Credit.Card.Bill.pdf,ok,
06,Additional_Resources,pdf,Understanding.Loan.Interest,main/rebuild/content/legacy/parts/Teaching Materials/Workshop 6/Resources/Understanding.Loan.Interest.pdf,ok,
06,Additional_Resources,docx,Workshop 6 Additional Resources,main/rebuild/content/legacy/parts/Teaching Materials/Workshop 6/Resources/Workshop 6 Additional Resources.docx,ok,
06,Additional_Resources,pdf,Workshop 6 Additional Resources,main/rebuild/content/legacy/parts/Teaching Materials/Workshop 6/Resources/Workshop 6 Additional Resources.pdf,ok,
06,Core_Resources,pptx,Money Basics PPT Workshop 6,main/rebuild/content/legacy/parts/Teaching Materials/Workshop 6/Money Basics PPT Workshop 6.pptx,ok,
06,Core_Resources,pdf,Workshop 06   Credit & Loans,main/rebuild/content/legacy/parts/FG:SG_Splits/Wksp/Facilitator Guide/Wksp PDFs/Workshop 06 - Credit & Loans.pdf,ok,
06,Core_Resources,pdf,Workshop 06   Credit & Loans,main/rebuild/content/legacy/parts/FG:SG_Splits/Wksp/Student Guide/Wksps/Workshop 06 - Credit & Loans.pdf,ok,
06,Handouts,pdf,1. How Does Credit Work,main/rebuild/content/legacy/parts/Teaching Materials/Workshop 6/Handouts/1. How Does Credit Work.pdf,ok,
06,Handouts,pdf,2. Debunking Smart Credit Myths,main/rebuild/content/legacy/parts/Teaching Materials/Workshop 6/Handouts/2. Debunking Smart Credit Myths.pdf,ok,
06,Handouts,pdf,3. How To Improve Your Credit Score,main/rebuild/content/legacy/parts/Teaching Materials/Workshop 6/Handouts/3. How To Improve Your Credit Score.pdf,ok,
06,Handouts,pdf,4. Definition and Examples of Predatory Lending,main/rebuild/content/legacy/parts/Teaching Materials/Workshop 6/Handouts/4. Definition and Examples of Predatory Lending.pdf,ok,
06,Handouts,pdf,Avoiding.Dangerous.Loans,main/rebuild/content/legacy/parts/Teaching Materials/Workshop 6/Handouts/Avoiding.Dangerous.Loans.pdf,ok,
06,Handouts,pdf,Credit Card FAQs,main/rebuild/content/legacy/parts/Teaching Materials/Workshop 6/Handouts/Credit Card FAQs.pdf,ok,
06,Handouts,docx,Credit Card Fact or Fiction Game,main/rebuild/content/legacy/parts/Teaching Materials/Workshop 6/Handouts/Credit Card Fact or Fiction Game.docx,ok,
06,Handouts,pdf,How.to.Spot.Predatory.Lending,main/rebuild/content/legacy/parts/Teaching Materials/Workshop 6/Handouts/How.to.Spot.Predatory.Lending.pdf,ok,
06,,docx,How Credit Scores Work,main/rebuild/content/legacy/whole/Module 6/How Credit Scores Work.docx,review,
06,,docx,How to Choose a Credit Card,main/rebuild/content/legacy/whole/Module 6/How to Choose a Credit Card.docx,review,
06,,docx,How to Get Preapproved for a Loan,main/rebuild/content/legacy/whole/Module 6/How to Get Preapproved for a Loan.docx,review,
06,,docx,How to Get the Best Car Loan,main/rebuild/content/legacy/whole/Module 6/How to Get the Best Car Loan.docx,review,
06,,docx,How to Raise a Low Credit Score,main/rebuild/content/legacy/whole/Module 6/How to Raise a Low Credit Score.docx,review,
06,,docx,MB FTS  6,main/rebuild/content/legacy/whole/Module 6/MB_FTS_ 6.docx,review,
06,,docx,Module 6 Additional Resources,main/rebuild/content/legacy/whole/Module 6/Module 6 Additional Resources.docx,review,
06,,docx,What You Should Know About Credit Card Interest Rates,main/rebuild/content/legacy/whole/Module 6/What You Should Know About Credit Card Interest Rates.docx,review,
06,,docx,Why Payday Loans Can Be Costly,main/rebuild/content/legacy/whole/Module 6/Why Payday Loans Can Be Costly.docx,review,
06,,pdf,Workshop 06   Credit & Loans,main/rebuild/content/legacy/whole/Module 6/Workshop 06 - Credit & Loans.pdf,review,
06,,txt,manifest,main/rebuild/content/legacy/whole/Module 6/manifest.txt,review,
07,Additional_Resources,pdf,1. The Emotional Effects of Debt,main/rebuild/content/legacy/parts/Teaching Materials/Workshop 7/Resources/1. The Emotional Effects of Debt.pdf,ok,
07,Additional_Resources,docx,2. How Debt Affects Your Health,main/rebuild/content/legacy/parts/Teaching Materials/Workshop 7/Resources/2. How Debt Affects Your Health.docx,ok,
07,Additional_Resources,pdf,2. How Debt Affects Your Health,main/rebuild/content/legacy/parts/Teaching Materials/Workshop 7/Resources/2. How Debt Affects Your Health.pdf,ok,
07,Additional_Resources,pdf,3. The Effect of Debt Problems on People s Health,main/rebuild/content/legacy/parts/Teaching Materials/Workshop 7/Resources/3. The Effect of Debt Problems on People_s Health.pdf,ok,
07,Additional_Resources,pdf,4. Deciding Between Debt Relief or Bankruptcy,main/rebuild/content/legacy/parts/Teaching Materials/Workshop 7/Resources/4. Deciding Between Debt Relief or Bankruptcy.pdf,ok,
07,Additional_Resources,pdf,5. Filing for Bankrupcty Without an Attorney,main/rebuild/content/legacy/parts/Teaching Materials/Workshop 7/Resources/5. Filing for Bankrupcty Without an Attorney.pdf,ok,
07,Additional_Resources,pdf,6. How Bankrupcty Can Affect Your Mental Health,main/rebuild/content/legacy/parts/Teaching Materials/Workshop 7/Resources/6. How Bankrupcty Can Affect Your Mental Health.pdf,ok,
07,Additional_Resources,pdf,7. Understanding Bankruptcy,main/rebuild/content/legacy/parts/Teaching Materials/Workshop 7/Resources/7. Understanding Bankruptcy.pdf,ok,
07,Additional_Resources,docx,8. 73 Tips for Eliminating Debt,main/rebuild/content/legacy/parts/Teaching Materials/Workshop 7/Resources/8. 73 Tips for Eliminating Debt.docx,ok,
07,Additional_Resources,pdf,8. 73 Tips for Eliminating Debt,main/rebuild/content/legacy/parts/Teaching Materials/Workshop 7/Resources/8. 73 Tips for Eliminating Debt.pdf,ok,
07,Additional_Resources,docx,9. 5 Ways to Get out of Debt,main/rebuild/content/legacy/parts/Teaching Materials/Workshop 7/Resources/9. 5 Ways to Get out of Debt.docx,ok,
07,Additional_Resources,pdf,9. 5 Ways to Get out of Debt,main/rebuild/content/legacy/parts/Teaching Materials/Workshop 7/Resources/9. 5 Ways to Get out of Debt.pdf,ok,
07,Additional_Resources,docx,Workshop 7 Additional Resources,main/rebuild/content/legacy/parts/Teaching Materials/Workshop 7/Resources/Workshop 7 Additional Resources.docx,ok,
07,Additional_Resources,pdf,Workshop 7 Additional Resources,main/rebuild/content/legacy/parts/Teaching Materials/Workshop 7/Resources/Workshop 7 Additional Resources.pdf,ok,
07,Core_Resources,pptx,Money Basics PPT Workshop 7,main/rebuild/content/legacy/parts/Teaching Materials/Workshop 7/Money Basics PPT Workshop 7.pptx,ok,
07,Core_Resources,pdf,Workshop 07   Debt & Tools,main/rebuild/content/legacy/parts/FG:SG_Splits/Wksp/Facilitator Guide/Wksp PDFs/Workshop 07 - Debt & Tools.pdf,ok,
07,Core_Resources,pdf,Workshop 07   Debt & Tools to Get Out of It,main/rebuild/content/legacy/parts/FG:SG_Splits/Wksp/Student Guide/Wksps/Workshop 07 - Debt & Tools to Get Out of It.pdf,ok,
07,Handouts,pdf,1. Debt and Mental Health,main/rebuild/content/legacy/parts/Teaching Materials/Workshop 7/Handouts/1. Debt and Mental Health.pdf,ok,
07,Handouts,pdf,2. How to Cope with Debt,main/rebuild/content/legacy/parts/Teaching Materials/Workshop 7/Handouts/2. How to Cope with Debt.pdf,ok,
07,Handouts,pdf,3. Debt Collection FAQs,main/rebuild/content/legacy/parts/Teaching Materials/Workshop 7/Handouts/3. Debt Collection FAQs.pdf,ok,
07,Handouts,docx,4. How to Create a Debt Elimination Plan,main/rebuild/content/legacy/parts/Teaching Materials/Workshop 7/Handouts/4. How to Create a Debt Elimination Plan.docx,ok,
07,Handouts,pdf,4. How to Create a Debt Elimination Plan,main/rebuild/content/legacy/parts/Teaching Materials/Workshop 7/Handouts/4. How to Create a Debt Elimination Plan.pdf,ok,
07,Handouts,docx,Workshop 7 Worksheets,main/rebuild/content/legacy/parts/Teaching Materials/Workshop 7/Handouts/Workshop 7 Worksheets.docx,ok,
07,Handouts,pdf,Workshop 7 Worksheets,main/rebuild/content/legacy/parts/Teaching Materials/Workshop 7/Handouts/Workshop 7 Worksheets.pdf,ok,
07,,docx,5 Ways to Get out of Debt,main/rebuild/content/legacy/whole/Module 7/5 Ways to Get out of Debt.docx,review,
07,,docx,73 Tips for Eliminating Debt,main/rebuild/content/legacy/whole/Module 7/73 Tips for Eliminating Debt.docx,review,
07,,docx,How to Create a Debt Elimination Plan,main/rebuild/content/legacy/whole/Module 7/How to Create a Debt Elimination Plan.docx,review,
07,,docx,MB FTS  7,main/rebuild/content/legacy/whole/Module 7/MB_FTS_ 7.docx,review,
07,,pdf,MB FTS  7,main/rebuild/content/legacy/whole/Module 7/MB_FTS_ 7.pdf,review,
07,,docx,Module 7 Additional Resources,main/rebuild/content/legacy/whole/Module 7/Module 7 Additional Resources.docx,review,
07,,docx,The Effects of Debt on Your Health,main/rebuild/content/legacy/whole/Module 7/The Effects of Debt on Your Health.docx,review,
07,,pdf,Workshop 07   Debt & Tools,main/rebuild/content/legacy/whole/Module 7/Workshop 07 - Debt & Tools.pdf,review,
07,,pdf,pg1,main/rebuild/content/legacy/whole/Module 7/Workshop_07/Facilitator_Guide/Workshop_07/PDFs/pg1.pdf,review,
07,,png,pg1,main/rebuild/content/legacy/whole/Module 7/Workshop_07/Facilitator_Guide/Workshop_07/PNGs/pg1.png,review,
07,,pdf,pg1,main/rebuild/content/legacy/whole/Module 7/Workshop_07/Student_Guide/Workshop_07/PDFs/pg1.pdf,review,
07,,png,pg1,main/rebuild/content/legacy/whole/Module 7/Workshop_07/Student_Guide/Workshop_07/PNGs/pg1.png,review,
07,,pdf,pg10,main/rebuild/content/legacy/whole/Module 7/Workshop_07/Student_Guide/Workshop_07/PDFs/pg10.pdf,review,
07,,png,pg10,main/rebuild/content/legacy/whole/Module 7/Workshop_07/Student_Guide/Workshop_07/PNGs/pg10.png,review,
07,,pdf,pg11,main/rebuild/content/legacy/whole/Module 7/Workshop_07/Student_Guide/Workshop_07/PDFs/pg11.pdf,review,
07,,png,pg11,main/rebuild/content/legacy/whole/Module 7/Workshop_07/Student_Guide/Workshop_07/PNGs/pg11.png,review,
07,,pdf,pg12,main/rebuild/content/legacy/whole/Module 7/Workshop_07/Student_Guide/Workshop_07/PDFs/pg12.pdf,review,
07,,png,pg12,main/rebuild/content/legacy/whole/Module 7/Workshop_07/Student_Guide/Workshop_07/PNGs/pg12.png,review,
07,,pdf,pg13,main/rebuild/content/legacy/whole/Module 7/Workshop_07/Student_Guide/Workshop_07/PDFs/pg13.pdf,review,
07,,png,pg13,main/rebuild/content/legacy/whole/Module 7/Workshop_07/Student_Guide/Workshop_07/PNGs/pg13.png,review,
07,,pdf,pg14,main/rebuild/content/legacy/whole/Module 7/Workshop_07/Student_Guide/Workshop_07/PDFs/pg14.pdf,review,
07,,png,pg14,main/rebuild/content/legacy/whole/Module 7/Workshop_07/Student_Guide/Workshop_07/PNGs/pg14.png,review,
07,,pdf,pg15,main/rebuild/content/legacy/whole/Module 7/Workshop_07/Student_Guide/Workshop_07/PDFs/pg15.pdf,review,
07,,png,pg15,main/rebuild/content/legacy/whole/Module 7/Workshop_07/Student_Guide/Workshop_07/PNGs/pg15.png,review,
07,,png,pg16,main/rebuild/content/legacy/whole/Module 7/Workshop_07/Student_Guide/Workshop_07/PNGs/pg16.png,review,
07,,pdf,pg2,main/rebuild/content/legacy/whole/Module 7/Workshop_07/Facilitator_Guide/Workshop_07/PDFs/pg2.pdf,review,
07,,png,pg2,main/rebuild/content/legacy/whole/Module 7/Workshop_07/Facilitator_Guide/Workshop_07/PNGs/pg2.png,review,
07,,pdf,pg2,main/rebuild/content/legacy/whole/Module 7/Workshop_07/Student_Guide/Workshop_07/PDFs/pg2.pdf,review,
07,,png,pg2,main/rebuild/content/legacy/whole/Module 7/Workshop_07/Student_Guide/Workshop_07/PNGs/pg2.png,review,
07,,pdf,pg3,main/rebuild/content/legacy/whole/Module 7/Workshop_07/Facilitator_Guide/Workshop_07/PDFs/pg3.pdf,review,
07,,png,pg3,main/rebuild/content/legacy/whole/Module 7/Workshop_07/Facilitator_Guide/Workshop_07/PNGs/pg3.png,review,
07,,pdf,pg3,main/rebuild/content/legacy/whole/Module 7/Workshop_07/Student_Guide/Workshop_07/PDFs/pg3.pdf,review,
07,,png,pg3,main/rebuild/content/legacy/whole/Module 7/Workshop_07/Student_Guide/Workshop_07/PNGs/pg3.png,review,
07,,pdf,pg4,main/rebuild/content/legacy/whole/Module 7/Workshop_07/Facilitator_Guide/Workshop_07/PDFs/pg4.pdf,review,
07,,png,pg4,main/rebuild/content/legacy/whole/Module 7/Workshop_07/Facilitator_Guide/Workshop_07/PNGs/pg4.png,review,
07,,pdf,pg4,main/rebuild/content/legacy/whole/Module 7/Workshop_07/Student_Guide/Workshop_07/PDFs/pg4.pdf,review,
07,,png,pg4,main/rebuild/content/legacy/whole/Module 7/Workshop_07/Student_Guide/Workshop_07/PNGs/pg4.png,review,
07,,pdf,pg5,main/rebuild/content/legacy/whole/Module 7/Workshop_07/Facilitator_Guide/Workshop_07/PDFs/pg5.pdf,review,
07,,png,pg5,main/rebuild/content/legacy/whole/Module 7/Workshop_07/Facilitator_Guide/Workshop_07/PNGs/pg5.png,review,
07,,pdf,pg5,main/rebuild/content/legacy/whole/Module 7/Workshop_07/Student_Guide/Workshop_07/PDFs/pg5.pdf,review,
07,,png,pg5,main/rebuild/content/legacy/whole/Module 7/Workshop_07/Student_Guide/Workshop_07/PNGs/pg5.png,review,
07,,pdf,pg6,main/rebuild/content/legacy/whole/Module 7/Workshop_07/Facilitator_Guide/Workshop_07/PDFs/pg6.pdf,review,
07,,png,pg6,main/rebuild/content/legacy/whole/Module 7/Workshop_07/Facilitator_Guide/Workshop_07/PNGs/pg6.png,review,
07,,pdf,pg6,main/rebuild/content/legacy/whole/Module 7/Workshop_07/Student_Guide/Workshop_07/PDFs/pg6.pdf,review,
07,,png,pg6,main/rebuild/content/legacy/whole/Module 7/Workshop_07/Student_Guide/Workshop_07/PNGs/pg6.png,review,
07,,pdf,pg7,main/rebuild/content/legacy/whole/Module 7/Workshop_07/Facilitator_Guide/Workshop_07/PDFs/pg7.pdf,review,
07,,png,pg7,main/rebuild/content/legacy/whole/Module 7/Workshop_07/Facilitator_Guide/Workshop_07/PNGs/pg7.png,review,
07,,pdf,pg7,main/rebuild/content/legacy/whole/Module 7/Workshop_07/Student_Guide/Workshop_07/PDFs/pg7.pdf,review,
07,,png,pg7,main/rebuild/content/legacy/whole/Module 7/Workshop_07/Student_Guide/Workshop_07/PNGs/pg7.png,review,
07,,pdf,pg8,main/rebuild/content/legacy/whole/Module 7/Workshop_07/Student_Guide/Workshop_07/PDFs/pg8.pdf,review,
07,,png,pg8,main/rebuild/content/legacy/whole/Module 7/Workshop_07/Student_Guide/Workshop_07/PNGs/pg8.png,review,
07,,pdf,pg9,main/rebuild/content/legacy/whole/Module 7/Workshop_07/Student_Guide/Workshop_07/PDFs/pg9.pdf,review,
07,,png,pg9,main/rebuild/content/legacy/whole/Module 7/Workshop_07/Student_Guide/Workshop_07/PNGs/pg9.png,review,
08,Additional_Resources,pdf,1. Mental Health and Money,main/rebuild/content/legacy/parts/Teaching Materials/Workshop 8/Resources/1. Mental Health and Money.pdf,ok,
08,Additional_Resources,pdf,1. Mental Health and Money,main/rebuild/content/legacy/whole/Module 8/Resources/1. Mental Health and Money.pdf,ok,
08,Additional_Resources,pdf,10. Poverty and Poor Health Worldwide,main/rebuild/content/legacy/parts/Teaching Materials/Workshop 8/Resources/10. Poverty and Poor Health Worldwide.pdf,ok,
08,Additional_Resources,pdf,10. Poverty and Poor Health Worldwide,main/rebuild/content/legacy/whole/Module 8/Resources/10. Poverty and Poor Health Worldwide.pdf,ok,
08,Additional_Resources,docx,11. How to Talk to Your Partner About Money,main/rebuild/content/legacy/parts/Teaching Materials/Workshop 8/Resources/11. How to Talk to Your Partner About Money.docx,ok,
08,Additional_Resources,pdf,11. How to Talk to Your Partner About Money,main/rebuild/content/legacy/parts/Teaching Materials/Workshop 8/Resources/11. How to Talk to Your Partner About Money.pdf,ok,
08,Additional_Resources,docx,11. How to Talk to Your Partner About Money,main/rebuild/content/legacy/whole/Module 8/Resources/11. How to Talk to Your Partner About Money.docx,ok,
08,Additional_Resources,pdf,11. How to Talk to Your Partner About Money,main/rebuild/content/legacy/whole/Module 8/Resources/11. How to Talk to Your Partner About Money.pdf,ok,
08,Additional_Resources,pdf,12. Money Problems and Relationship Problems,main/rebuild/content/legacy/parts/Teaching Materials/Workshop 8/Resources/12. Money Problems and Relationship Problems.pdf,ok,
08,Additional_Resources,pdf,12. Money Problems and Relationship Problems,main/rebuild/content/legacy/whole/Module 8/Resources/12. Money Problems and Relationship Problems.pdf,ok,
08,Additional_Resources,pdf,13. How to Prevent Arguments About Money,main/rebuild/content/legacy/parts/Teaching Materials/Workshop 8/Resources/13. How to Prevent Arguments About Money.pdf,ok,
08,Additional_Resources,pdf,13. How to Prevent Arguments About Money,main/rebuild/content/legacy/whole/Module 8/Resources/13. How to Prevent Arguments About Money.pdf,ok,
08,Additional_Resources,pdf,14. How to Talk to Your Spouse About Money,main/rebuild/content/legacy/parts/Teaching Materials/Workshop 8/Resources/14. How to Talk to Your Spouse About Money.pdf,ok,
08,Additional_Resources,pdf,14. How to Talk to Your Spouse About Money,main/rebuild/content/legacy/whole/Module 8/Resources/14. How to Talk to Your Spouse About Money.pdf,ok,
08,Additional_Resources,pdf,15. Common Financially Abusive Behaviors,main/rebuild/content/legacy/parts/Teaching Materials/Workshop 8/Resources/15. Common Financially Abusive Behaviors.pdf,ok,
08,Additional_Resources,pdf,15. Common Financially Abusive Behaviors,main/rebuild/content/legacy/whole/Module 8/Resources/15. Common Financially Abusive Behaviors.pdf,ok,
08,Additional_Resources,docx,16. How to Spot Financial Abuse of an Elder,main/rebuild/content/legacy/parts/Teaching Materials/Workshop 8/Resources/16. How to Spot Financial Abuse of an Elder.docx,ok,
08,Additional_Resources,pdf,16. How to Spot Financial Abuse of an Elder,main/rebuild/content/legacy/parts/Teaching Materials/Workshop 8/Resources/16. How to Spot Financial Abuse of an Elder.pdf,ok,
08,Additional_Resources,docx,16. How to Spot Financial Abuse of an Elder,main/rebuild/content/legacy/whole/Module 8/Resources/16. How to Spot Financial Abuse of an Elder.docx,ok,
08,Additional_Resources,pdf,16. How to Spot Financial Abuse of an Elder,main/rebuild/content/legacy/whole/Module 8/Resources/16. How to Spot Financial Abuse of an Elder.pdf,ok,
08,Additional_Resources,pdf,18. Tackling social inequalities to reduce mental health problems,main/rebuild/content/legacy/parts/Teaching Materials/Workshop 8/Resources/18. Tackling social inequalities to reduce mental health problems.pdf,ok,
08,Additional_Resources,pdf,18. Tackling social inequalities to reduce mental health problems,main/rebuild/content/legacy/whole/Module 8/Resources/18. Tackling social inequalities to reduce mental health problems.pdf,ok,
08,Additional_Resources,pdf,"2. Poverty, Social Inequality and Mental Health","main/rebuild/content/legacy/parts/Teaching Materials/Workshop 8/Resources/2. Poverty, Social Inequality and Mental Health.pdf",ok,
08,Additional_Resources,pdf,"2. Poverty, Social Inequality and Mental Health","main/rebuild/content/legacy/whole/Module 8/Resources/2. Poverty, Social Inequality and Mental Health.pdf",ok,
08,Additional_Resources,pdf,3. Recovering Your Finances After Rehab,main/rebuild/content/legacy/parts/Teaching Materials/Workshop 8/Resources/3. Recovering Your Finances After Rehab.pdf,ok,
08,Additional_Resources,pdf,3. Recovering Your Finances After Rehab,main/rebuild/content/legacy/whole/Module 8/Resources/3. Recovering Your Finances After Rehab.pdf,ok,
08,Additional_Resources,pdf,4. The Poverty Mindset,main/rebuild/content/legacy/parts/Teaching Materials/Workshop 8/Resources/4. The Poverty Mindset.pdf,ok,
08,Additional_Resources,pdf,4. The Poverty Mindset,main/rebuild/content/legacy/whole/Module 8/Resources/4. The Poverty Mindset.pdf,ok,
08,Additional_Resources,pdf,5. FAQs on Problem Gambling,main/rebuild/content/legacy/parts/Teaching Materials/Workshop 8/Resources/5. FAQs on Problem Gambling.pdf,ok,
08,Additional_Resources,pdf,5. FAQs on Problem Gambling,main/rebuild/content/legacy/whole/Module 8/Resources/5. FAQs on Problem Gambling.pdf,ok,
08,Additional_Resources,pdf,6. Resources for Problem Gambling,main/rebuild/content/legacy/parts/Teaching Materials/Workshop 8/Resources/6. Resources for Problem Gambling.pdf,ok,
08,Additional_Resources,pdf,6. Resources for Problem Gambling,main/rebuild/content/legacy/whole/Module 8/Resources/6. Resources for Problem Gambling.pdf,ok,
08,Additional_Resources,docx,7. Income Inequality and Health Care,main/rebuild/content/legacy/parts/Teaching Materials/Workshop 8/Resources/7. Income Inequality and Health Care.docx,ok,
08,Additional_Resources,pdf,7. Income Inequality and Health Care,main/rebuild/content/legacy/parts/Teaching Materials/Workshop 8/Resources/7. Income Inequality and Health Care.pdf,ok,
08,Additional_Resources,docx,7. Income Inequality and Health Care,main/rebuild/content/legacy/whole/Module 8/Resources/7. Income Inequality and Health Care.docx,ok,
08,Additional_Resources,pdf,7. Income Inequality and Health Care,main/rebuild/content/legacy/whole/Module 8/Resources/7. Income Inequality and Health Care.pdf,ok,
08,Additional_Resources,docx,8. How to Avoid the Health Risks that Come from Financial Stress,main/rebuild/content/legacy/parts/Teaching Materials/Workshop 8/Resources/8. How to Avoid the Health Risks that Come from Financial Stress.docx,ok,
08,Additional_Resources,pdf,8. How to Avoid the Health Risks that Come from Financial Stress,main/rebuild/content/legacy/parts/Teaching Materials/Workshop 8/Resources/8. How to Avoid the Health Risks that Come from Financial Stress.pdf,ok,
08,Additional_Resources,docx,8. How to Avoid the Health Risks that Come from Financial Stress,main/rebuild/content/legacy/whole/Module 8/Resources/8. How to Avoid the Health Risks that Come from Financial Stress.docx,ok,
08,Additional_Resources,pdf,8. How to Avoid the Health Risks that Come from Financial Stress,main/rebuild/content/legacy/whole/Module 8/Resources/8. How to Avoid the Health Risks that Come from Financial Stress.pdf,ok,
08,Additional_Resources,pdf,9. Poverty s Effect on Children s Health,main/rebuild/content/legacy/parts/Teaching Materials/Workshop 8/Resources/9. Poverty_s Effect on Children_s Health.pdf,ok,
08,Additional_Resources,pdf,9. Poverty s Effect on Children s Health,main/rebuild/content/legacy/whole/Module 8/Resources/9. Poverty_s Effect on Children_s Health.pdf,ok,
08,Additional_Resources,pdf,Effects of Childhood Poverty,main/rebuild/content/legacy/parts/Teaching Materials/Workshop 8/Resources/Effects of Childhood Poverty.pdf,ok,
08,Additional_Resources,pdf,Effects of Childhood Poverty,main/rebuild/content/legacy/whole/Module 8/Resources/Effects of Childhood Poverty.pdf,ok,
08,Additional_Resources,pdf,Financial Abuse and Rebuilding your Finances,main/rebuild/content/legacy/parts/Teaching Materials/Workshop 8/Resources/Financial Abuse and Rebuilding your Finances.pdf,ok,
08,Additional_Resources,pdf,Financial Abuse and Rebuilding your Finances,main/rebuild/content/legacy/whole/Module 8/Resources/Financial Abuse and Rebuilding your Finances.pdf,ok,
08,Additional_Resources,pdf,Money.Smart.for.Older.Adults.Prevent.Financial.Exploitation,main/rebuild/content/legacy/parts/Teaching Materials/Workshop 8/Resources/Money.Smart.for.Older.Adults.Prevent.Financial.Exploitation.pdf,ok,
08,Additional_Resources,pdf,Money.Smart.for.Older.Adults.Prevent.Financial.Exploitation,main/rebuild/content/legacy/whole/Module 8/Resources/Money.Smart.for.Older.Adults.Prevent.Financial.Exploitation.pdf,ok,
08,Additional_Resources,pdf,Poverty and Health,main/rebuild/content/legacy/parts/Teaching Materials/Workshop 8/Resources/Poverty and Health.pdf,ok,
08,Additional_Resources,pdf,Poverty and Health,main/rebuild/content/legacy/whole/Module 8/Resources/Poverty and Health.pdf,ok,
08,Additional_Resources,pdf,Statistics on Mental Illness and Poverty,main/rebuild/content/legacy/parts/Teaching Materials/Workshop 8/Resources/Statistics on Mental Illness and Poverty.pdf,ok,
08,Additional_Resources,pdf,Statistics on Mental Illness and Poverty,main/rebuild/content/legacy/whole/Module 8/Resources/Statistics on Mental Illness and Poverty.pdf,ok,
08,Additional_Resources,docx,Workshop 8 Additional Resources,main/rebuild/content/legacy/parts/Teaching Materials/Workshop 8/Resources/Workshop 8 Additional Resources.docx,ok,
08,Additional_Resources,pdf,Workshop 8 Additional Resources,main/rebuild/content/legacy/parts/Teaching Materials/Workshop 8/Resources/Workshop 8 Additional Resources.pdf,ok,
08,Additional_Resources,docx,Workshop 8 Additional Resources,main/rebuild/content/legacy/whole/Module 8/Resources/Workshop 8 Additional Resources.docx,ok,
08,Additional_Resources,pdf,Workshop 8 Additional Resources,main/rebuild/content/legacy/whole/Module 8/Resources/Workshop 8 Additional Resources.pdf,ok,
08,Core_Resources,pptx,Money Basics PPT Workshop 8,main/rebuild/content/legacy/parts/Teaching Materials/Workshop 8/Money Basics PPT Workshop 8.pptx,ok,
08,Core_Resources,pptx,Money Basics PPT Workshop 8,main/rebuild/content/legacy/whole/Module 8/Money Basics PPT Workshop 8.pptx,ok,
08,Core_Resources,pdf,"Workshop 08   Mental Health, Relationships & Money","main/rebuild/content/legacy/parts/FG:SG_Splits/Wksp/Facilitator Guide/Wksp PDFs/Workshop 08 - Mental Health, Relationships & Money.pdf",ok,
08,Core_Resources,pdf,"Workshop 08   Mental Health, Relationships & Money; Financial Crisis Planning","main/rebuild/content/legacy/parts/FG:SG_Splits/Wksp/Student Guide/Wksps/Workshop 08 - Mental Health, Relationships & Money; Financial Crisis Planning.pdf",ok,
08,Handouts,pdf,1. The 2 Way Connnection Between Poverty and Mental Health Issues,main/rebuild/content/legacy/parts/Teaching Materials/Workshop 8/Handouts/1. The 2 Way Connnection Between Poverty and Mental Health Issues.pdf,ok,
08,Handouts,pdf,1. The 2 Way Connnection Between Poverty and Mental Health Issues,main/rebuild/content/legacy/whole/Module 8/Handouts/1. The 2 Way Connnection Between Poverty and Mental Health Issues.pdf,ok,
08,Handouts,docx,2. Tips for Talking With Your Partner About Finances,main/rebuild/content/legacy/parts/Teaching Materials/Workshop 8/Handouts/2. Tips for Talking With Your Partner About Finances.docx,ok,
08,Handouts,pdf,2. Tips for Talking With Your Partner About Finances,main/rebuild/content/legacy/parts/Teaching Materials/Workshop 8/Handouts/2. Tips for Talking With Your Partner About Finances.pdf,ok,
08,Handouts,docx,2. Tips for Talking With Your Partner About Finances,main/rebuild/content/legacy/whole/Module 8/Handouts/2. Tips for Talking With Your Partner About Finances.docx,ok,
08,Handouts,pdf,2. Tips for Talking With Your Partner About Finances,main/rebuild/content/legacy/whole/Module 8/Handouts/2. Tips for Talking With Your Partner About Finances.pdf,ok,
08,Handouts,pdf,3. Steps to Healthy Finances in Your Relationship,main/rebuild/content/legacy/parts/Teaching Materials/Workshop 8/Handouts/3. Steps to Healthy Finances in Your Relationship.pdf,ok,
08,Handouts,pdf,3. Steps to Healthy Finances in Your Relationship,main/rebuild/content/legacy/whole/Module 8/Handouts/3. Steps to Healthy Finances in Your Relationship.pdf,ok,
08,Handouts,pdf,4. Understanding Representative Payees,main/rebuild/content/legacy/parts/Teaching Materials/Workshop 8/Handouts/4. Understanding Representative Payees.pdf,ok,
08,Handouts,pdf,4. Understanding Representative Payees,main/rebuild/content/legacy/whole/Module 8/Handouts/4. Understanding Representative Payees.pdf,ok,
08,Handouts,pdf,5. When a Representative Payee Manages Your Money,main/rebuild/content/legacy/parts/Teaching Materials/Workshop 8/Handouts/5. When a Representative Payee Manages Your Money.pdf,ok,
08,Handouts,pdf,5. When a Representative Payee Manages Your Money,main/rebuild/content/legacy/whole/Module 8/Handouts/5. When a Representative Payee Manages Your Money.pdf,ok,
08,Handouts,docx,6. Understanding Financial Abuse & Safety Planning,main/rebuild/content/legacy/parts/Teaching Materials/Workshop 8/Handouts/6. Understanding Financial Abuse & Safety Planning.docx,ok,
08,Handouts,pdf,6. Understanding Financial Abuse & Safety Planning,main/rebuild/content/legacy/parts/Teaching Materials/Workshop 8/Handouts/6. Understanding Financial Abuse & Safety Planning.pdf,ok,
08,Handouts,docx,6. Understanding Financial Abuse & Safety Planning,main/rebuild/content/legacy/whole/Module 8/Handouts/6. Understanding Financial Abuse & Safety Planning.docx,ok,
08,Handouts,pdf,6. Understanding Financial Abuse & Safety Planning,main/rebuild/content/legacy/whole/Module 8/Handouts/6. Understanding Financial Abuse & Safety Planning.pdf,ok,
08,Handouts,pdf,7. Information and Services for Survivors,main/rebuild/content/legacy/parts/Teaching Materials/Workshop 8/Handouts/7. Information and Services for Survivors.pdf,ok,
08,Handouts,pdf,7. Information and Services for Survivors,main/rebuild/content/legacy/whole/Module 8/Handouts/7. Information and Services for Survivors.pdf,ok,
08,Handouts,docx,Effects of Income Inequality on Health,main/rebuild/content/legacy/whole/Module 8/Handouts/Effects of Income Inequality on Health.docx,ok,
08,Handouts,docx,Elder Financial Abuse,main/rebuild/content/legacy/whole/Module 8/Handouts/Elder Financial Abuse.docx,ok,
08,Handouts,pdf,FAQ.Representative.Payees,main/rebuild/content/legacy/parts/Teaching Materials/Workshop 8/Handouts/FAQ.Representative.Payees.pdf,ok,
08,Handouts,pdf,FAQ.Representative.Payees,main/rebuild/content/legacy/whole/Module 8/Handouts/FAQ.Representative.Payees.pdf,ok,
08,Handouts,pdf,Financial Abuse FAQs,main/rebuild/content/legacy/parts/Teaching Materials/Workshop 8/Handouts/Financial Abuse FAQs.pdf,ok,
08,Handouts,pdf,Financial Abuse FAQs,main/rebuild/content/legacy/whole/Module 8/Handouts/Financial Abuse FAQs.pdf,ok,
08,Handouts,pdf,Financial Abuse Fact Sheet,main/rebuild/content/legacy/parts/Teaching Materials/Workshop 8/Handouts/Financial Abuse Fact Sheet.pdf,ok,
08,Handouts,pdf,Financial Abuse Fact Sheet,main/rebuild/content/legacy/whole/Module 8/Handouts/Financial Abuse Fact Sheet.pdf,ok,
08,Handouts,docx,Financial Stress and Health Risks,main/rebuild/content/legacy/whole/Module 8/Handouts/Financial Stress and Health Risks.docx,ok,
08,Handouts,docx,How to Prevent and Recover from Domestic Financial Abuse,main/rebuild/content/legacy/whole/Module 8/Handouts/How to Prevent and Recover from Domestic Financial Abuse.docx,ok,
08,Handouts,docx,Workshop 8 Worksheets,main/rebuild/content/legacy/parts/Teaching Materials/Workshop 8/Handouts/Workshop 8 Worksheets.docx,ok,
08,Handouts,pdf,Workshop 8 Worksheets,main/rebuild/content/legacy/parts/Teaching Materials/Workshop 8/Handouts/Workshop 8 Worksheets.pdf,ok,
08,Handouts,docx,Workshop 8 Worksheets,main/rebuild/content/legacy/whole/Module 8/Handouts/Workshop 8 Worksheets.docx,ok,
08,Handouts,pdf,Workshop 8 Worksheets,main/rebuild/content/legacy/whole/Module 8/Handouts/Workshop 8 Worksheets.pdf,ok,
08,,docx,MB FTS  8,main/rebuild/content/legacy/whole/Module 8/MB_FTS_ 8.docx,review,
08,,pdf,MB FTS  8,main/rebuild/content/legacy/whole/Module 8/MB_FTS_ 8.pdf,review,
08,,pdf,"Workshop 08   Mental Health, Relationships & Money","main/rebuild/content/legacy/whole/Module 8/Workshop 08 - Mental Health, Relationships & Money.pdf",review,
08,,pdf,"Workshop 08   Mental Health, Relationships & Money; Financial Crisis Planning","main/rebuild/content/legacy/whole/Module 8/Workshop 08 - Mental Health, Relationships & Money; Financial Crisis Planning.pdf",review,
08,,pdf,pg1,main/rebuild/content/legacy/whole/Module 8/Workshop_08_pages/Facilitator_Guide/Workshop_08/PDFs/pg1.pdf,review,
08,,png,pg1,main/rebuild/content/legacy/whole/Module 8/Workshop_08_pages/Facilitator_Guide/Workshop_08/PNGs/pg1.png,review,
08,,pdf,pg1,main/rebuild/content/legacy/whole/Module 8/Workshop_08_pages/Student_Guide/Workshop_08/PDFs/pg1.pdf,review,
08,,png,pg1,main/rebuild/content/legacy/whole/Module 8/Workshop_08_pages/Student_Guide/Workshop_08/PNGs/pg1.png,review,
08,,pdf,pg10,main/rebuild/content/legacy/whole/Module 8/Workshop_08_pages/Student_Guide/Workshop_08/PDFs/pg10.pdf,review,
08,,png,pg10,main/rebuild/content/legacy/whole/Module 8/Workshop_08_pages/Student_Guide/Workshop_08/PNGs/pg10.png,review,
08,,pdf,pg11,main/rebuild/content/legacy/whole/Module 8/Workshop_08_pages/Student_Guide/Workshop_08/PDFs/pg11.pdf,review,
08,,png,pg11,main/rebuild/content/legacy/whole/Module 8/Workshop_08_pages/Student_Guide/Workshop_08/PNGs/pg11.png,review,
08,,pdf,pg12,main/rebuild/content/legacy/whole/Module 8/Workshop_08_pages/Student_Guide/Workshop_08/PDFs/pg12.pdf,review,
08,,png,pg12,main/rebuild/content/legacy/whole/Module 8/Workshop_08_pages/Student_Guide/Workshop_08/PNGs/pg12.png,review,
08,,pdf,pg13,main/rebuild/content/legacy/whole/Module 8/Workshop_08_pages/Student_Guide/Workshop_08/PDFs/pg13.pdf,review,
08,,png,pg13,main/rebuild/content/legacy/whole/Module 8/Workshop_08_pages/Student_Guide/Workshop_08/PNGs/pg13.png,review,
08,,pdf,pg14,main/rebuild/content/legacy/whole/Module 8/Workshop_08_pages/Student_Guide/Workshop_08/PDFs/pg14.pdf,review,
08,,png,pg14,main/rebuild/content/legacy/whole/Module 8/Workshop_08_pages/Student_Guide/Workshop_08/PNGs/pg14.png,review,
08,,pdf,pg15,main/rebuild/content/legacy/whole/Module 8/Workshop_08_pages/Student_Guide/Workshop_08/PDFs/pg15.pdf,review,
08,,png,pg15,main/rebuild/content/legacy/whole/Module 8/Workshop_08_pages/Student_Guide/Workshop_08/PNGs/pg15.png,review,
08,,pdf,pg16,main/rebuild/content/legacy/whole/Module 8/Workshop_08_pages/Student_Guide/Workshop_08/PDFs/pg16.pdf,review,
08,,png,pg16,main/rebuild/content/legacy/whole/Module 8/Workshop_08_pages/Student_Guide/Workshop_08/PNGs/pg16.png,review,
08,,pdf,pg17,main/rebuild/content/legacy/whole/Module 8/Workshop_08_pages/Student_Guide/Workshop_08/PDFs/pg17.pdf,review,
08,,png,pg17,main/rebuild/content/legacy/whole/Module 8/Workshop_08_pages/Student_Guide/Workshop_08/PNGs/pg17.png,review,
08,,pdf,pg18,main/rebuild/content/legacy/whole/Module 8/Workshop_08_pages/Student_Guide/Workshop_08/PDFs/pg18.pdf,review,
08,,png,pg18,main/rebuild/content/legacy/whole/Module 8/Workshop_08_pages/Student_Guide/Workshop_08/PNGs/pg18.png,review,
08,,pdf,pg19,main/rebuild/content/legacy/whole/Module 8/Workshop_08_pages/Student_Guide/Workshop_08/PDFs/pg19.pdf,review,
08,,png,pg19,main/rebuild/content/legacy/whole/Module 8/Workshop_08_pages/Student_Guide/Workshop_08/PNGs/pg19.png,review,
08,,pdf,pg2,main/rebuild/content/legacy/whole/Module 8/Workshop_08_pages/Facilitator_Guide/Workshop_08/PDFs/pg2.pdf,review,
08,,png,pg2,main/rebuild/content/legacy/whole/Module 8/Workshop_08_pages/Facilitator_Guide/Workshop_08/PNGs/pg2.png,review,
08,,pdf,pg2,main/rebuild/content/legacy/whole/Module 8/Workshop_08_pages/Student_Guide/Workshop_08/PDFs/pg2.pdf,review,
08,,png,pg2,main/rebuild/content/legacy/whole/Module 8/Workshop_08_pages/Student_Guide/Workshop_08/PNGs/pg2.png,review,
08,,pdf,pg20,main/rebuild/content/legacy/whole/Module 8/Workshop_08_pages/Student_Guide/Workshop_08/PDFs/pg20.pdf,review,
08,,png,pg20,main/rebuild/content/legacy/whole/Module 8/Workshop_08_pages/Student_Guide/Workshop_08/PNGs/pg20.png,review,
08,,pdf,pg21,main/rebuild/content/legacy/whole/Module 8/Workshop_08_pages/Student_Guide/Workshop_08/PDFs/pg21.pdf,review,
08,,png,pg21,main/rebuild/content/legacy/whole/Module 8/Workshop_08_pages/Student_Guide/Workshop_08/PNGs/pg21.png,review,
08,,pdf,pg3,main/rebuild/content/legacy/whole/Module 8/Workshop_08_pages/Facilitator_Guide/Workshop_08/PDFs/pg3.pdf,review,
08,,png,pg3,main/rebuild/content/legacy/whole/Module 8/Workshop_08_pages/Facilitator_Guide/Workshop_08/PNGs/pg3.png,review,
08,,pdf,pg3,main/rebuild/content/legacy/whole/Module 8/Workshop_08_pages/Student_Guide/Workshop_08/PDFs/pg3.pdf,review,
08,,png,pg3,main/rebuild/content/legacy/whole/Module 8/Workshop_08_pages/Student_Guide/Workshop_08/PNGs/pg3.png,review,
08,,pdf,pg4,main/rebuild/content/legacy/whole/Module 8/Workshop_08_pages/Facilitator_Guide/Workshop_08/PDFs/pg4.pdf,review,
08,,png,pg4,main/rebuild/content/legacy/whole/Module 8/Workshop_08_pages/Facilitator_Guide/Workshop_08/PNGs/pg4.png,review,
08,,pdf,pg4,main/rebuild/content/legacy/whole/Module 8/Workshop_08_pages/Student_Guide/Workshop_08/PDFs/pg4.pdf,review,
08,,png,pg4,main/rebuild/content/legacy/whole/Module 8/Workshop_08_pages/Student_Guide/Workshop_08/PNGs/pg4.png,review,
08,,pdf,pg5,main/rebuild/content/legacy/whole/Module 8/Workshop_08_pages/Facilitator_Guide/Workshop_08/PDFs/pg5.pdf,review,
08,,png,pg5,main/rebuild/content/legacy/whole/Module 8/Workshop_08_pages/Facilitator_Guide/Workshop_08/PNGs/pg5.png,review,
08,,pdf,pg5,main/rebuild/content/legacy/whole/Module 8/Workshop_08_pages/Student_Guide/Workshop_08/PDFs/pg5.pdf,review,
08,,png,pg5,main/rebuild/content/legacy/whole/Module 8/Workshop_08_pages/Student_Guide/Workshop_08/PNGs/pg5.png,review,
08,,pdf,pg6,main/rebuild/content/legacy/whole/Module 8/Workshop_08_pages/Facilitator_Guide/Workshop_08/PDFs/pg6.pdf,review,
08,,png,pg6,main/rebuild/content/legacy/whole/Module 8/Workshop_08_pages/Facilitator_Guide/Workshop_08/PNGs/pg6.png,review,
08,,pdf,pg6,main/rebuild/content/legacy/whole/Module 8/Workshop_08_pages/Student_Guide/Workshop_08/PDFs/pg6.pdf,review,
08,,png,pg6,main/rebuild/content/legacy/whole/Module 8/Workshop_08_pages/Student_Guide/Workshop_08/PNGs/pg6.png,review,
08,,pdf,pg7,main/rebuild/content/legacy/whole/Module 8/Workshop_08_pages/Facilitator_Guide/Workshop_08/PDFs/pg7.pdf,review,
08,,png,pg7,main/rebuild/content/legacy/whole/Module 8/Workshop_08_pages/Facilitator_Guide/Workshop_08/PNGs/pg7.png,review,
08,,pdf,pg7,main/rebuild/content/legacy/whole/Module 8/Workshop_08_pages/Student_Guide/Workshop_08/PDFs/pg7.pdf,review,
08,,png,pg7,main/rebuild/content/legacy/whole/Module 8/Workshop_08_pages/Student_Guide/Workshop_08/PNGs/pg7.png,review,
08,,pdf,pg8,main/rebuild/content/legacy/whole/Module 8/Workshop_08_pages/Facilitator_Guide/Workshop_08/PDFs/pg8.pdf,review,
08,,png,pg8,main/rebuild/content/legacy/whole/Module 8/Workshop_08_pages/Facilitator_Guide/Workshop_08/PNGs/pg8.png,review,
08,,pdf,pg8,main/rebuild/content/legacy/whole/Module 8/Workshop_08_pages/Student_Guide/Workshop_08/PDFs/pg8.pdf,review,
08,,png,pg8,main/rebuild/content/legacy/whole/Module 8/Workshop_08_pages/Student_Guide/Workshop_08/PNGs/pg8.png,review,
08,,pdf,pg9,main/rebuild/content/legacy/whole/Module 8/Workshop_08_pages/Facilitator_Guide/Workshop_08/PDFs/pg9.pdf,review,
08,,png,pg9,main/rebuild/content/legacy/whole/Module 8/Workshop_08_pages/Facilitator_Guide/Workshop_08/PNGs/pg9.png,review,
08,,pdf,pg9,main/rebuild/content/legacy/whole/Module 8/Workshop_08_pages/Student_Guide/Workshop_08/PDFs/pg9.pdf,review,
08,,png,pg9,main/rebuild/content/legacy/whole/Module 8/Workshop_08_pages/Student_Guide/Workshop_08/PNGs/pg9.png,review,
09,Additional_Resources,docx,1. What to Know About How to File Taxes,main/rebuild/content/legacy/parts/Teaching Materials/Workshop 9/Resources/1. What to Know About How to File Taxes.docx,ok,
09,Additional_Resources,pdf,1. What to Know About How to File Taxes,main/rebuild/content/legacy/parts/Teaching Materials/Workshop 9/Resources/1. What to Know About How to File Taxes.pdf,ok,
09,Additional_Resources,docx,1. What to Know About How to File Taxes,main/rebuild/content/legacy/whole/Module 9/Resources/1. What to Know About How to File Taxes.docx,ok,
09,Additional_Resources,pdf,1. What to Know About How to File Taxes,main/rebuild/content/legacy/whole/Module 9/Resources/1. What to Know About How to File Taxes.pdf,ok,
09,Additional_Resources,docx,2. How to Cope with Tax Season Stress,main/rebuild/content/legacy/parts/Teaching Materials/Workshop 9/Resources/2. How to Cope with Tax Season Stress.docx,ok,
09,Additional_Resources,pdf,2. How to Cope with Tax Season Stress,main/rebuild/content/legacy/parts/Teaching Materials/Workshop 9/Resources/2. How to Cope with Tax Season Stress.pdf,ok,
09,Additional_Resources,docx,2. How to Cope with Tax Season Stress,main/rebuild/content/legacy/whole/Module 9/Resources/2. How to Cope with Tax Season Stress.docx,ok,
09,Additional_Resources,pdf,2. How to Cope with Tax Season Stress,main/rebuild/content/legacy/whole/Module 9/Resources/2. How to Cope with Tax Season Stress.pdf,ok,
09,Additional_Resources,pdf,3. How to File Your Taxes,main/rebuild/content/legacy/parts/Teaching Materials/Workshop 9/Resources/3. How to File Your Taxes.pdf,ok,
09,Additional_Resources,pdf,3. How to File Your Taxes,main/rebuild/content/legacy/whole/Module 9/Resources/3. How to File Your Taxes.pdf,ok,
09,Additional_Resources,pdf,4. Tax Basics,main/rebuild/content/legacy/parts/Teaching Materials/Workshop 9/Resources/4. Tax Basics.pdf,ok,
09,Additional_Resources,pdf,4. Tax Basics,main/rebuild/content/legacy/whole/Module 9/Resources/4. Tax Basics.pdf,ok,
09,Additional_Resources,pdf,5. Why We Pay Taxes,main/rebuild/content/legacy/parts/Teaching Materials/Workshop 9/Resources/5. Why We Pay Taxes.pdf,ok,
09,Additional_Resources,pdf,5. Why We Pay Taxes,main/rebuild/content/legacy/whole/Module 9/Resources/5. Why We Pay Taxes.pdf,ok,
09,Additional_Resources,docx,6. Regressive Vs. Progressive Taxes,main/rebuild/content/legacy/parts/Teaching Materials/Workshop 9/Resources/6. Regressive Vs. Progressive Taxes.docx,ok,
09,Additional_Resources,pdf,6. Regressive Vs. Progressive Taxes,main/rebuild/content/legacy/parts/Teaching Materials/Workshop 9/Resources/6. Regressive Vs. Progressive Taxes.pdf,ok,
09,Additional_Resources,docx,6. Regressive Vs. Progressive Taxes,main/rebuild/content/legacy/whole/Module 9/Resources/6. Regressive Vs. Progressive Taxes.docx,ok,
09,Additional_Resources,pdf,6. Regressive Vs. Progressive Taxes,main/rebuild/content/legacy/whole/Module 9/Resources/6. Regressive Vs. Progressive Taxes.pdf,ok,
09,Additional_Resources,pdf,7. Federal Tax Revenue,main/rebuild/content/legacy/parts/Teaching Materials/Workshop 9/Resources/7. Federal Tax Revenue.pdf,ok,
09,Additional_Resources,pdf,7. Federal Tax Revenue,main/rebuild/content/legacy/whole/Module 9/Resources/7. Federal Tax Revenue.pdf,ok,
09,Additional_Resources,pdf,Form 1040,main/rebuild/content/legacy/parts/Teaching Materials/Workshop 9/Resources/Form 1040.pdf,ok,
09,Additional_Resources,pdf,Form 1040,main/rebuild/content/legacy/whole/Module 9/Resources/Form 1040.pdf,ok,
09,Additional_Resources,docx,Workshop 9 Additional Resources,main/rebuild/content/legacy/parts/Teaching Materials/Workshop 9/Resources/Workshop 9 Additional Resources.docx,ok,
09,Additional_Resources,pdf,Workshop 9 Additional Resources,main/rebuild/content/legacy/parts/Teaching Materials/Workshop 9/Resources/Workshop 9 Additional Resources.pdf,ok,
09,Additional_Resources,docx,Workshop 9 Additional Resources,main/rebuild/content/legacy/whole/Module 9/Resources/Workshop 9 Additional Resources.docx,ok,
09,Additional_Resources,pdf,Workshop 9 Additional Resources,main/rebuild/content/legacy/whole/Module 9/Resources/Workshop 9 Additional Resources.pdf,ok,
09,Core_Resources,pptx,Money Basics PPT Workshop 9,main/rebuild/content/legacy/parts/Teaching Materials/Workshop 9/Money Basics PPT Workshop 9.pptx,ok,
09,Core_Resources,pptx,Money Basics PPT Workshop 9,main/rebuild/content/legacy/whole/Module 9/Money Basics PPT Workshop 9.pptx,ok,
09,Core_Resources,pdf,Workshop 09   How to File a Tax Return & Resources for Doing So,main/rebuild/content/legacy/parts/FG:SG_Splits/Wksp/Student Guide/Wksps/Workshop 09 - How to File a Tax Return & Resources for Doing So.pdf,ok,
09,Core_Resources,pdf,Workshop 09   Tax Returns,main/rebuild/content/legacy/parts/FG:SG_Splits/Wksp/Facilitator Guide/Wksp PDFs/Workshop 09 - Tax Returns.pdf,ok,
09,Handouts,pdf,1. IRS Tips to Take the Stress out of Tax Season,main/rebuild/content/legacy/parts/Teaching Materials/Workshop 9/Handouts/1. IRS Tips to Take the Stress out of Tax Season.pdf,ok,
09,Handouts,pdf,1. IRS Tips to Take the Stress out of Tax Season,main/rebuild/content/legacy/whole/Module 9/Handouts/1. IRS Tips to Take the Stress out of Tax Season.pdf,ok,
09,Handouts,pdf,2. IRS Free File,main/rebuild/content/legacy/parts/Teaching Materials/Workshop 9/Handouts/2. IRS Free File.pdf,ok,
09,Handouts,pdf,2. IRS Free File,main/rebuild/content/legacy/whole/Module 9/Handouts/2. IRS Free File.pdf,ok,
09,Handouts,pdf,3. 6 Steps for First Time Tax Filers,main/rebuild/content/legacy/parts/Teaching Materials/Workshop 9/Handouts/3. 6 Steps for First-Time Tax Filers.pdf,ok,
09,Handouts,pdf,3. 6 Steps for First Time Tax Filers,main/rebuild/content/legacy/whole/Module 9/Handouts/3. 6 Steps for First-Time Tax Filers.pdf,ok,
09,Handouts,pdf,4. The Three Basic Tax Types,main/rebuild/content/legacy/parts/Teaching Materials/Workshop 9/Handouts/4. The Three Basic Tax Types.pdf,ok,
09,Handouts,pdf,4. The Three Basic Tax Types,main/rebuild/content/legacy/whole/Module 9/Handouts/4. The Three Basic Tax Types.pdf,ok,
09,Handouts,pdf,5. Credits & Deductions,main/rebuild/content/legacy/parts/Teaching Materials/Workshop 9/Handouts/5. Credits & Deductions.pdf,ok,
09,Handouts,pdf,5. Credits & Deductions,main/rebuild/content/legacy/whole/Module 9/Handouts/5. Credits & Deductions.pdf,ok,
09,Handouts,pdf,6. Common Tax Write Offs You Can Claim,main/rebuild/content/legacy/parts/Teaching Materials/Workshop 9/Handouts/6. Common Tax Write-Offs You Can Claim.pdf,ok,
09,Handouts,pdf,6. Common Tax Write Offs You Can Claim,main/rebuild/content/legacy/whole/Module 9/Handouts/6. Common Tax Write-Offs You Can Claim.pdf,ok,
09,Handouts,pdf,7. 8 Things to Know about Oregon’s Tax System,main/rebuild/content/legacy/parts/Teaching Materials/Workshop 9/Handouts/7. 8 Things to Know about Oregon’s Tax System.pdf,ok,
09,Handouts,pdf,7. 8 Things to Know about Oregon’s Tax System,main/rebuild/content/legacy/whole/Module 9/Handouts/7. 8 Things to Know about Oregon’s Tax System.pdf,ok,
09,Handouts,pdf,Who Qualifies for the Earned Income Tax Credit (EITC)   Internal Revenue Service,main/rebuild/content/legacy/parts/Teaching Materials/Workshop 9/Handouts/Who Qualifies for the Earned Income Tax Credit (EITC) _ Internal Revenue Service.pdf,ok,
09,Handouts,pdf,Who Qualifies for the Earned Income Tax Credit (EITC)   Internal Revenue Service,main/rebuild/content/legacy/whole/Module 9/Handouts/Who Qualifies for the Earned Income Tax Credit (EITC) _ Internal Revenue Service.pdf,ok,
09,,docx,How to Cope with Tax Season Stress,main/rebuild/content/legacy/whole/Module 9/How to Cope with Tax Season Stress.docx,review,
09,,docx,MB FTS  9,main/rebuild/content/legacy/whole/Module 9/MB_FTS_ 9.docx,review,
09,,docx,Module Nine Additional Resources,main/rebuild/content/legacy/whole/Module 9/Module Nine Additional Resources.docx,review,
09,,docx,"Regressive, Proportional, and Progressive Taxes","main/rebuild/content/legacy/whole/Module 9/Regressive, Proportional, and Progressive Taxes.docx",review,
09,,docx,What to Know About How to File Taxes,main/rebuild/content/legacy/whole/Module 9/What to Know About How to File Taxes.docx,review,
09,,pdf,Workshop 09   Tax Returns,main/rebuild/content/legacy/whole/Module 9/Workshop 09 - Tax Returns.pdf,review,
10,Additional_Resources,pdf,1. ABLE Accounts,main/rebuild/content/legacy/parts/Teaching Materials/Workshop 10/Resources/1. ABLE Accounts.pdf,ok,
10,Additional_Resources,docx,2. Asset Building For Low Income Families,main/rebuild/content/legacy/parts/Teaching Materials/Workshop 10/Resources/2. Asset Building For Low-Income Families.docx,ok,
10,Additional_Resources,pdf,2. Asset Building For Low Income Families,main/rebuild/content/legacy/parts/Teaching Materials/Workshop 10/Resources/2. Asset Building For Low-Income Families.pdf,ok,
10,Additional_Resources,docx,3. 23 Easy Ways To Save Money,main/rebuild/content/legacy/parts/Teaching Materials/Workshop 10/Resources/3. 23 Easy Ways To Save Money.docx,ok,
10,Additional_Resources,pdf,3. 23 Easy Ways To Save Money,main/rebuild/content/legacy/parts/Teaching Materials/Workshop 10/Resources/3. 23 Easy Ways To Save Money.pdf,ok,
10,Additional_Resources,docx,4. How to Save Money On A Low Income,main/rebuild/content/legacy/parts/Teaching Materials/Workshop 10/Resources/4. How to Save Money On A Low Income.docx,ok,
10,Additional_Resources,pdf,4. How to Save Money On A Low Income,main/rebuild/content/legacy/parts/Teaching Materials/Workshop 10/Resources/4. How to Save Money On A Low Income.pdf,ok,
10,Additional_Resources,docx,5. A Beginner s Guide to Saving Money,main/rebuild/content/legacy/parts/Teaching Materials/Workshop 10/Resources/5. A Beginner_s Guide to Saving Money.docx,ok,
10,Additional_Resources,pdf,5. A Beginner s Guide to Saving Money,main/rebuild/content/legacy/parts/Teaching Materials/Workshop 10/Resources/5. A Beginner_s Guide to Saving Money.pdf,ok,
10,Additional_Resources,docx,Workshop 10 Additional Resources,main/rebuild/content/legacy/parts/Teaching Materials/Workshop 10/Resources/Workshop 10 Additional Resources.docx,ok,
10,Additional_Resources,pdf,Workshop 10 Additional Resources,main/rebuild/content/legacy/parts/Teaching Materials/Workshop 10/Resources/Workshop 10 Additional Resources.pdf,ok,
10,Core_Resources,pptx,Money Basics PPT Workshop 10,main/rebuild/content/legacy/parts/Teaching Materials/Workshop 10/Money Basics PPT Workshop 10.pptx,ok,
10,Core_Resources,pdf,Workshop 10   Savings Accounts & Goals,main/rebuild/content/legacy/parts/FG:SG_Splits/Wksp/Facilitator Guide/Wksp PDFs/Workshop 10 - Savings Accounts & Goals.pdf,ok,
10,Handouts,pdf,1. How To Save For Your Future,main/rebuild/content/legacy/parts/Teaching Materials/Workshop 10/Handouts/1. How To Save For Your Future.pdf,ok,
10,Handouts,pdf,2. Individual Development Account Fact Sheet,main/rebuild/content/legacy/parts/Teaching Materials/Workshop 10/Handouts/2. Individual Development Account Fact Sheet.pdf,ok,
10,Handouts,docx,3. IDA Basics & Resources,main/rebuild/content/legacy/parts/Teaching Materials/Workshop 10/Handouts/3. IDA Basics & Resources.docx,ok,
10,Handouts,pdf,3. IDA Basics & Resources,main/rebuild/content/legacy/parts/Teaching Materials/Workshop 10/Handouts/3. IDA Basics & Resources.pdf,ok,
10,Handouts,pdf,Individual Development Accounts FAQs,main/rebuild/content/legacy/parts/Teaching Materials/Workshop 10/Handouts/Individual Development Accounts FAQs.pdf,ok,
10,Handouts,pdf,Savings Tips,main/rebuild/content/legacy/parts/Teaching Materials/Workshop 10/Handouts/Savings Tips.pdf,ok,
10,Handouts,docx,Workshop 10 Worksheets,main/rebuild/content/legacy/parts/Teaching Materials/Workshop 10/Handouts/Workshop 10 Worksheets.docx,ok,
10,Handouts,pdf,Workshop 10 Worksheets,main/rebuild/content/legacy/parts/Teaching Materials/Workshop 10/Handouts/Workshop 10 Worksheets.pdf,ok,
10,,docx,23 Easy Ways To Save Money,main/rebuild/content/legacy/whole/Module 10/23 Easy Ways To Save Money.docx,review,
10,,png,3. IDA Basics & Resources,main/rebuild/content/legacy/whole/Module 10/HO PNGs/3. IDA Basics & Resources.png,review,
10,,docx,A Beginner s Guide to Saving Money,main/rebuild/content/legacy/whole/Module 10/A Beginner_s Guide to Saving Money.docx,review,
10,,pdf,Asset Building Facilitator,main/rebuild/content/legacy/whole/Module 10/Facilitator Guide/Sections/Asset_Building_Facilitator.pdf,review,
10,,docx,Asset Building For Low Income Families,main/rebuild/content/legacy/whole/Module 10/Asset Building For Low-Income Families.docx,review,
10,,pdf,Asset Building Student,main/rebuild/content/legacy/whole/Module 10/Student_Guide/Workshop_10/Sections/PDF/Asset_Building_Student.pdf,review,
10,,png,Budgeting Table,main/rebuild/content/legacy/whole/Module 10/Visuals/Budgeting Table.png,review,
10,,pdf,Creating a Savings Plan Student,main/rebuild/content/legacy/whole/Module 10/Student_Guide/Workshop_10/Sections/PDF/Creating_a_Savings_Plan_Student.pdf,review,
10,,pdf,Different Kinds of Savings Accounts Student,main/rebuild/content/legacy/whole/Module 10/Student_Guide/Workshop_10/Sections/PDF/Different_Kinds_of_Savings_Accounts_Student.pdf,review,
10,,docx,How to Save Money On A Low Income,main/rebuild/content/legacy/whole/Module 10/How to Save Money On A Low Income.docx,review,
10,,docx,IDA Basics & Resources,main/rebuild/content/legacy/whole/Module 10/IDA Basics & Resources.docx,review,
10,,png,IDAs,main/rebuild/content/legacy/whole/Module 10/Visuals/IDAs.png,review,
10,,pdf,Individual Development Accounts Facilitator,main/rebuild/content/legacy/whole/Module 10/Facilitator Guide/Sections/Individual_Development_Accounts_Facilitator.pdf,review,
10,,docx,MB FTS  10,main/rebuild/content/legacy/whole/Module 10/MB_FTS_ 10.docx,review,
10,,docx,Module 10 Additional Resources,main/rebuild/content/legacy/whole/Module 10/Module 10 Additional Resources.docx,review,
10,,pdf,Retirement Plans and Investments Facilitator,main/rebuild/content/legacy/whole/Module 10/Facilitator Guide/Sections/Retirement_Plans_and_Investments_Facilitator.pdf,review,
10,,pdf,Saving Money w: Limited Resources,main/rebuild/content/legacy/whole/Module 10/Facilitator Guide/Sections/Saving Money w: Limited Resources.pdf,review,
10,,pdf,Savings Accounts,main/rebuild/content/legacy/whole/Module 10/Sections ( PDF )/Savings_Accounts.pdf,review,
10,,pdf,Savings Accounts Facilitator,main/rebuild/content/legacy/whole/Module 10/Facilitator Guide/Sections/Savings_Accounts_Facilitator.pdf,review,
10,,png,Savings Activity Jars,main/rebuild/content/legacy/whole/Module 10/Visuals/Savings Activity_Jars.png,review,
10,,pdf,Savings Goals Facilitator,main/rebuild/content/legacy/whole/Module 10/Facilitator Guide/Sections/Savings_Goals_Facilitator.pdf,review,
10,,png,Screenshot 2025 10 29 at 10.26.47 AM,main/rebuild/content/legacy/whole/Module 10/Visuals/Screenshot 2025-10-29 at 10.26.47 AM.png,review,
10,,png,Screenshot 2025 10 29 at 2.03.55 PM,main/rebuild/content/legacy/whole/Module 10/Visuals/Screenshot 2025-10-29 at 2.03.55 PM.png,review,
10,,zip,Workshop 10,main/rebuild/content/legacy/whole/Module 10/Workshop_10.zip,review,
10,,pdf,Workshop 10   Savings Accounts & Goals,main/rebuild/content/legacy/whole/Module 10/Workshop 10 - Savings Accounts & Goals.pdf,review,
10,,pdf,Workshop 10   Savings Accounts & Savings Goals,main/rebuild/content/legacy/whole/Module 10/Workshop 10 - Savings Accounts & Savings Goals.pdf,review,
10,,pdf,Workshop 10   Savings Accounts & Savings Goals copy,main/rebuild/content/legacy/whole/Module 10/Workshop 10 - Savings Accounts & Savings Goals copy.pdf,review,
10,,png,money trees,main/rebuild/content/legacy/whole/Module 10/Visuals/money trees.png,review,
10,,pdf,pg1,main/rebuild/content/legacy/whole/Module 10/Student_Guide/Workshop_10/PDFs/pg1.pdf,review,
10,,png,pg1,main/rebuild/content/legacy/whole/Module 10/Student_Guide/Workshop_10/PNGs/pg1.png,review,
10,,pdf,pg10,main/rebuild/content/legacy/whole/Module 10/Student_Guide/Workshop_10/PDFs/pg10.pdf,review,
10,,png,pg10,main/rebuild/content/legacy/whole/Module 10/Student_Guide/Workshop_10/PNGs/pg10.png,review,
10,,pdf,pg11,main/rebuild/content/legacy/whole/Module 10/Student_Guide/Workshop_10/PDFs/pg11.pdf,review,
10,,png,pg11,main/rebuild/content/legacy/whole/Module 10/Student_Guide/Workshop_10/PNGs/pg11.png,review,
10,,pdf,pg12,main/rebuild/content/legacy/whole/Module 10/Student_Guide/Workshop_10/PDFs/pg12.pdf,review,
10,,png,pg12,main/rebuild/content/legacy/whole/Module 10/Student_Guide/Workshop_10/PNGs/pg12.png,review,
10,,pdf,pg13,main/rebuild/content/legacy/whole/Module 10/Student_Guide/Workshop_10/PDFs/pg13.pdf,review,
10,,png,pg13,main/rebuild/content/legacy/whole/Module 10/Student_Guide/Workshop_10/PNGs/pg13.png,review,
10,,pdf,pg14,main/rebuild/content/legacy/whole/Module 10/Student_Guide/Workshop_10/PDFs/pg14.pdf,review,
10,,png,pg14,main/rebuild/content/legacy/whole/Module 10/Student_Guide/Workshop_10/PNGs/pg14.png,review,
10,,pdf,pg2,main/rebuild/content/legacy/whole/Module 10/Student_Guide/Workshop_10/PDFs/pg2.pdf,review,
10,,png,pg2,main/rebuild/content/legacy/whole/Module 10/Student_Guide/Workshop_10/PNGs/pg2.png,review,
10,,pdf,pg3,main/rebuild/content/legacy/whole/Module 10/Student_Guide/Workshop_10/PDFs/pg3.pdf,review,
10,,png,pg3,main/rebuild/content/legacy/whole/Module 10/Student_Guide/Workshop_10/PNGs/pg3.png,review,
10,,pdf,pg4,main/rebuild/content/legacy/whole/Module 10/Student_Guide/Workshop_10/PDFs/pg4.pdf,review,
10,,png,pg4,main/rebuild/content/legacy/whole/Module 10/Student_Guide/Workshop_10/PNGs/pg4.png,review,
10,,pdf,pg5,main/rebuild/content/legacy/whole/Module 10/Student_Guide/Workshop_10/PDFs/pg5.pdf,review,
10,,png,pg5,main/rebuild/content/legacy/whole/Module 10/Student_Guide/Workshop_10/PNGs/pg5.png,review,
10,,pdf,pg6,main/rebuild/content/legacy/whole/Module 10/Student_Guide/Workshop_10/PDFs/pg6.pdf,review,
10,,png,pg6,main/rebuild/content/legacy/whole/Module 10/Student_Guide/Workshop_10/PNGs/pg6.png,review,
10,,pdf,pg7,main/rebuild/content/legacy/whole/Module 10/Student_Guide/Workshop_10/PDFs/pg7.pdf,review,
10,,png,pg7,main/rebuild/content/legacy/whole/Module 10/Student_Guide/Workshop_10/PNGs/pg7.png,review,
10,,pdf,pg8,main/rebuild/content/legacy/whole/Module 10/Student_Guide/Workshop_10/PDFs/pg8.pdf,review,
10,,png,pg8,main/rebuild/content/legacy/whole/Module 10/Student_Guide/Workshop_10/PNGs/pg8.png,review,
10,,pdf,pg9,main/rebuild/content/legacy/whole/Module 10/Student_Guide/Workshop_10/PDFs/pg9.pdf,review,
10,,png,pg9,main/rebuild/content/legacy/whole/Module 10/Student_Guide/Workshop_10/PNGs/pg9.png,review,
11,Core_Resources,pptx,Money Basics PPT Workshop 11,main/rebuild/content/legacy/parts/Teaching Materials/Workshop 11/Money Basics PPT Workshop 11.pptx,ok,
11,Core_Resources,pdf,Workshop 11   Course Graduation,main/rebuild/content/legacy/parts/FG:SG_Splits/Wksp/Facilitator Guide/Wksp PDFs/Workshop 11 - Course Graduation.pdf,ok,
11,,pdf,Workshop 11   Course Graduation,main/rebuild/content/legacy/whole/Module 11/Workshop 11 - Course Graduation.pdf,review,
,,docx,Glossary of Financial Terms,main/rebuild/content/legacy/parts/Teaching Materials/Facilitator & Student Guides/Glossaries/Glossary of Financial Terms.docx,review,
,,pdf,Glossary of Financial Terms,main/rebuild/content/legacy/parts/Teaching Materials/Facilitator & Student Guides/Glossaries/Glossary of Financial Terms.pdf,review,
,,pdf,Glossary of Financial Terms,main/rebuild/content/legacy/parts/Teaching Materials/Glossaries/Glossary of Financial Terms.pdf,review,
,,pdf,Glossary of Terms on Poverty,main/rebuild/content/legacy/parts/Teaching Materials/Facilitator & Student Guides/Glossaries/Glossary of Terms on Poverty.pdf,review,
,,pdf,Glossary of Terms on Poverty,main/rebuild/content/legacy/parts/Teaching Materials/Glossaries/Glossary of Terms on Poverty.pdf,review,
,,pdf,Money Basics Facilitator Guide,main/rebuild/content/legacy/parts/Teaching Materials/Facilitator & Student Guides/Money Basics Facilitator Guide.pdf,review,
,,docx,Money Basics Facilitator Guide[Final],main/rebuild/content/legacy/parts/Teaching Materials/Facilitator & Student Guides/Money Basics Facilitator Guide[Final].docx,review,
,,pdf,Money Basics Student Guide,main/rebuild/content/legacy/parts/Teaching Materials/Facilitator & Student Guides/Money Basics Student Guide.pdf,review,
,,docx,Money Basics Student Guide [Final],main/rebuild/content/legacy/parts/Teaching Materials/Facilitator & Student Guides/Money Basics Student Guide [Final].docx,review,
,,pdf,ODHS Equity Glossary,main/rebuild/content/legacy/parts/Teaching Materials/Glossaries/ODHS Equity Glossary.pdf,review,
,,html,financial terms glossary.filtered,main/rebuild/content/legacy/parts/Teaching Materials/Facilitator & Student Guides/Glossaries/financial-terms-glossary.filtered.html,review,
,,html,money basics student glossary,main/rebuild/content/legacy/parts/Teaching Materials/Facilitator & Student Guides/Glossaries/money-basics-student-glossary.html,review,
